# Nuclear binding energies from the Atomic Mass Evaluation AME2020
# (obtained through the mendeleev python package, v1.3.0). Only nuclei with
# Z >= 8, A >= 16 and a mass uncertainty below 150 keV are included, which
# removes most extrapolated (non-measured) masses.
# Binding energies computed from atomic masses with m_H = 1.00782503223 u,
# m_n = 1.00866491595 u, 1 u = 931.49410242 MeV.
# Columns: Z  N  A  B[MeV]  B/A[MeV]  dB[keV]
   8    8   16     127.6193   7.97621     0.000
   8    9   17     131.7624   7.75073     0.001
   8   10   18     139.8078   7.76710     0.001
   8   11   19     143.7634   7.56650     2.636
   8   12   20     151.3714   7.56857     0.885
   8   13   21     155.1769   7.38937    12.000
   8   14   22     162.0272   7.36487    56.921
   8   15   23     164.7602   7.16349   121.712
   9    7   16     111.4248   6.96405     5.364
   9    8   17     128.2196   7.54233     0.248
   9    9   18     137.3695   7.63164     0.463
   9   10   19     147.8014   7.77902     0.001
   9   11   20     154.4027   7.72014     0.029
   9   12   21     162.5042   7.73829     1.800
   9   13   22     167.7345   7.62430    12.398
   9   14   23     175.3139   7.62234    33.320
   9   15   24     179.1260   7.46358    97.670
   9   16   25     183.4077   7.33631    96.442
   9   17   26     184.1385   7.08225   107.027
   9   18   27     185.7510   6.87967   120.197
   9   19   28     185.5520   6.62686   120.347
  10    6   16      97.3308   6.08318    20.480
  10    7   17     112.8885   6.64050     0.354
  10    8   18     132.1426   7.34126     0.363
  10    9   19     143.7795   7.56734     0.159
  10   10   20     160.6448   8.03224     0.002
  10   11   21     167.4060   7.97171     0.038
  10   12   22     177.7702   8.08047     0.017
  10   13   23     182.9709   7.95526     0.104
  10   14   24     191.8398   7.99333     0.512
  10   15   25     195.9950   7.83980    29.045
  10   16   26     201.5497   7.75191    18.429
  10   17   27     203.0512   7.52042    90.769
  10   18   28     206.8737   7.38835   126.067
  10   19   29     207.8450   7.16707   149.505
  11    6   17      93.8870   5.52277    59.616
  11    7   18     111.6399   6.20222    93.881
  11    8   19     131.8198   6.93789    10.534
  11    9   20     145.9701   7.29850     1.108
  11   10   21     163.0767   7.76556     0.042
  11   11   22     174.1446   7.91566     0.131
  11   12   23     186.5644   8.11149     0.002
  11   13   24     193.5237   8.06349     0.016
  11   14   25     202.5350   8.10140     1.200
  11   15   26     208.1092   8.00420     3.501
  11   16   27     214.8376   7.95695     3.726
  11   17   28     218.3794   7.79926    10.246
  11   18   29     222.7824   7.68215     7.336
  11   19   30     225.0591   7.50197     4.726
  11   20   31     229.3590   7.39868    13.972
  11   21   32     231.0362   7.21988    37.260
  12    7   19     112.1285   5.90150    60.000
  12    8   20     134.5605   6.72803     1.863
  12    9   21     149.2057   7.10503     0.755
  12   10   22     168.5808   7.66276     0.158
  12   11   23     181.7258   7.90112     0.032
  12   12   24     198.2571   8.26071     0.012
  12   13   25     205.5876   8.22350     0.047
  12   14   26     216.6807   8.33387     0.029
  12   15   27     223.1240   8.26385     0.047
  12   16   28     231.6287   8.27245     0.261
  12   17   29     235.2924   8.11353     0.344
  12   18   30     241.6328   8.05443     1.295
  12   19   31     243.9449   7.86919     3.074
  12   20   32     249.7229   7.80384     3.260
  12   21   33     252.0025   7.63644     2.663
  12   22   34     256.7133   7.55039     6.893
  13   10   23     168.7217   7.33573     0.345
  13   11   24     183.5899   7.64958     0.227
  13   12   25     200.5284   8.02114     0.064
  13   13   26     211.8939   8.14977     0.066
  13   14   27     224.9519   8.33155     0.047
  13   15   28     232.6771   8.30990     0.048
  13   16   29     242.1055   8.34846     0.345
  13   17   30     247.8332   8.26111     1.935
  13   18   31     254.9911   8.22552     2.236
  13   19   32     259.2110   8.10035     7.173
  13   20   33     264.6804   8.02062     6.986
  13   21   34     267.2519   7.86035     2.104
  13   22   35     272.5494   7.78712     7.359
  13   23   36     274.4466   7.62352   149.505
  13   25   38     280.0698   7.37026   149.971
  14   10   24     172.0136   7.16723    19.472
  14   11   25     187.0028   7.48011    10.000
  14   12   26     206.0424   7.92471     0.107
  14   13   27     219.3572   8.12434     0.107
  14   14   28     236.5368   8.44774     0.001
  14   15   29     245.0105   8.44864     0.001
  14   16   30     255.6197   8.52066     0.021
  14   17   31     262.2070   8.45829     0.043
  14   18   32     271.4070   8.48147     0.298
  14   19   33     275.9150   8.36106     0.699
  14   20   34     283.4636   8.33717     0.801
  14   21   35     285.9348   8.16956    35.857
  14   22   36     292.0507   8.11252    71.797
  14   23   37     294.2574   7.95290   113.809
  14   24   38     299.9275   7.89283   104.793
  14   25   39     301.5082   7.73098   135.532
  14   26   40     306.2330   7.65582   121.990
  15   12   27     206.8494   7.66109     9.000
  15   13   28     221.4096   7.90748     1.147
  15   14   29     239.2859   8.25124     0.359
  15   15   30     250.6052   8.35351     0.064
  15   16   31     262.9162   8.48117     0.001
  15   17   32     270.8519   8.46412     0.039
  15   18   33     280.9556   8.51381     1.090
  15   19   34     287.2383   8.44819     0.810
  15   20   35     295.6187   8.44625     1.866
  15   21   36     299.0833   8.30787    13.114
  15   22   37     305.8996   8.26756    37.947
  15   23   38     309.5965   8.14728    72.580
  15   24   39     315.8208   8.09797   112.645
  15   25   40     319.2567   7.98142    83.606
  15   26   41     324.1686   7.90655   120.163
  15   27   42     326.1683   7.76591    95.009
  16   13   29     224.6451   7.74638    13.041
  16   14   30     243.6813   8.12271     0.206
  16   15   31     256.7358   8.28180     0.229
  16   16   32     271.7802   8.49313     0.001
  16   17   33     280.4218   8.49763     0.001
  16   18   34     291.8390   8.58350     0.044
  16   19   35     298.8248   8.53785     0.040
  16   20   36     308.7140   8.57539     0.187
  16   21   37     313.0176   8.45994     0.197
  16   22   38     321.0538   8.44878     7.172
  16   23   39     325.4265   8.34427    50.000
  16   24   40     333.1730   8.32933     3.981
  16   25   41     337.4151   8.22964     4.099
  16   26   42     344.1156   8.19323     2.794
  16   27   43     346.7446   8.06383     4.970
  16   28   44     351.8247   7.99602     5.216
  17   13   30     224.1651   7.47217    23.875
  17   14   31     243.9455   7.86921     3.447
  17   15   32     258.3170   8.07241     0.562
  17   16   33     274.0569   8.30476     0.390
  17   17   34     285.5650   8.39897     0.048
  17   18   35     298.2098   8.52028     0.035
  17   19   36     306.7896   8.52193     0.035
  17   20   37     317.1004   8.57028     0.051
  17   21   38     323.2083   8.50548     0.098
  17   22   39     331.2817   8.49440     1.732
  17   23   40     337.1106   8.42777    32.065
  17   24   41     344.9313   8.41296    68.723
  17   25   42     350.5272   8.34589    59.616
  17   26   43     357.9263   8.32387    61.858
  17   27   44     362.3171   8.23448    85.566
  17   28   45     368.1720   8.18160   136.163
  17   29   46     371.7157   8.08078    97.248
  18   14   32     246.4003   7.70001     1.770
  18   15   33     261.6556   7.92896     0.401
  18   16   34     278.7209   8.19767     0.077
  18   17   35     291.4612   8.32746     0.680
  18   18   36     306.7168   8.51991     0.026
  18   19   37     315.5042   8.52714     0.206
  18   20   38     327.3427   8.61428     0.195
  18   21   39     333.9414   8.56260     4.999
  18   22   40     343.8104   8.59526     0.002
  18   23   41     349.9093   8.53437     0.347
  18   24   42     359.3358   8.55561     5.775
  18   25   43     364.9942   8.48824     5.310
  18   26   44     373.7290   8.49384     1.584
  18   27   45     378.8979   8.41995     0.512
  18   28   46     386.9696   8.41238     2.329
  18   29   47     390.6370   8.31143     1.211
  18   30   48     395.6960   8.24367    16.767
  19   16   35     278.8044   7.96584     0.512
  19   17   36     293.1200   8.14222     0.325
  19   18   37     308.5744   8.33985     0.093
  19   19   38     320.6463   8.43806     0.195
  19   20   39     333.7240   8.55703     0.005
  19   21   40     341.5236   8.53809     0.056
  19   22   41     351.6190   8.57607     0.004
  19   23   42     359.1528   8.55126     0.105
  19   24   43     368.7775   8.57622     0.410
  19   25   44     376.0549   8.54670     0.419
  19   26   45     384.9604   8.55467     0.522
  19   27   46     391.8300   8.51804     0.727
  19   28   47     400.1993   8.51488     1.397
  19   29   48     404.8432   8.43423     0.773
  19   30   49     410.2415   8.37228     0.801
  19   31   50     414.4292   8.28858     7.731
  19   32   51     419.2881   8.22134    13.041
  19   33   52     421.9816   8.11503    33.534
  19   34   53     425.2110   8.02285   111.779
  20   16   36     281.3717   7.81588    39.999
  20   17   37     296.1279   8.00346     0.633
  20   18   38     313.1217   8.24004     0.194
  20   19   39     326.4172   8.36967     0.596
  20   20   40     342.0522   8.55130     0.020
  20   21   41     350.4150   8.54671     0.137
  20   22   42     361.8957   8.61656     0.148
  20   23   43     369.8286   8.60067     0.227
  20   24   44     380.9598   8.65818     0.324
  20   25   45     388.3746   8.63055     0.365
  20   26   46     398.7733   8.66898     2.234
  20   27   47     406.0497   8.63935     2.221
  20   28   48     416.0012   8.66669     0.017
  20   29   49     421.1477   8.59485     0.177
  20   30   50     427.5082   8.55016     1.584
  20   31   51     432.3226   8.47691     0.522
  20   32   52     438.3279   8.42938     0.671
  20   33   53     441.5206   8.33058    43.780
  20   34   54     445.3648   8.24750    48.438
  21   18   39     312.5249   8.01346    24.000
  21   19   40     326.9468   8.17367     2.828
  21   20   41     343.1371   8.36920     0.077
  21   21   42     354.6871   8.44493     0.154
  21   22   43     366.8255   8.53083     1.862
  21   23   44     376.5248   8.55738     1.755
  21   24   45     387.8524   8.61894     0.663
  21   25   46     396.6130   8.62202     0.671
  21   26   47     407.2595   8.66510     1.930
  21   27   48     415.4981   8.65621     4.949
  21   28   49     425.6278   8.68628     2.267
  21   29   50     431.6737   8.63347     2.515
  21   30   51     438.4583   8.59722     2.515
  21   31   52     443.8028   8.53467     3.074
  21   32   53     450.1201   8.49283    17.698
  21   33   54     453.8598   8.40481    13.972
  21   34   55     458.3353   8.33337    62.410
  22   18   40     314.6345   7.86586    68.243
  22   19   41     329.4100   8.03439    27.945
  22   20   42     346.8881   8.25924     0.269
  22   21   43     359.1706   8.35281     5.718
  22   22   44     375.4750   8.53352     0.700
  22   23   45     385.0080   8.55573     0.836
  22   24   46     398.1973   8.65646     0.090
  22   25   47     407.0779   8.66123     0.079
  22   26   48     418.7046   8.72301     0.074
  22   27   49     426.8470   8.71116     0.078
  22   28   50     437.7861   8.75572     0.082
  22   29   51     444.1586   8.70899     0.483
  22   30   52     451.9746   8.69182     2.746
  22   31   53     457.4497   8.63113     2.888
  22   32   54     464.3834   8.59969    15.835
  22   33   55     468.5433   8.51897    28.876
  22   34   56     474.2052   8.46795   100.200
  23   20   43     346.9891   8.06951    42.849
  23   21   44     360.9521   8.20346     7.265
  23   22   45     377.1018   8.38004     0.863
  23   23   46     390.3626   8.48614     0.133
  23   24   47     403.3650   8.58224     0.110
  23   25   48     413.9073   8.62307     0.972
  23   26   49     425.4628   8.68291     0.823
  23   27   50     434.7952   8.69590     0.092
  23   28   51     445.8464   8.74209     0.097
  23   29   52     453.1576   8.71457     0.158
  23   30   53     461.6376   8.71014     3.103
  23   31   54     467.7555   8.66214    11.179
  23   32   55     475.0537   8.63734    27.013
  23   34   57     486.5062   8.53520    84.766
  23   35   58     490.5731   8.45816    95.815
  23   36   59     495.8244   8.40380   137.400
  24   20   44     349.7836   7.94963    51.232
  24   21   45     363.9478   8.08773    35.397
  24   22   46     381.9759   8.30382    11.453
  24   23   47     395.1387   8.40721     5.196
  24   24   48     411.4683   8.57226     7.310
  24   25   49     422.0506   8.61328     2.201
  24   26   50     435.0509   8.70102     0.093
  24   27   51     444.3116   8.71199     0.166
  24   28   52     456.3517   8.77599     0.112
  24   29   53     464.2912   8.76021     0.116
  24   30   54     474.0102   8.77797     0.132
  24   31   55     480.2565   8.73194     0.228
  24   32   56     488.5026   8.72326     0.578
  24   33   57     493.8138   8.66340     1.863
  24   34   58     501.3519   8.64400     2.981
  24   35   59     505.5474   8.56860     0.671
  24   36   60     512.4113   8.54019     1.118
  24   37   61     516.0706   8.46017     1.863
  24   38   62     522.4980   8.42739     3.447
  24   39   63     525.8950   8.34754    72.657
  25   21   46     364.1397   7.91608    86.629
  25   22   47     382.3597   8.13531    31.671
  25   23   48     397.1612   8.27419     6.698
  25   24   49     413.5558   8.43992     2.214
  25   25   50     426.6341   8.53268     0.115
  25   26   51     440.3218   8.63376     0.304
  25   27   52     450.8613   8.67041     0.129
  25   28   53     462.9115   8.73418     0.346
  25   29   54     471.8508   8.73798     1.006
  25   30   55     482.0764   8.76502     0.260
  25   31   56     489.3468   8.73834     0.292
  25   32   57     497.9927   8.73671     1.504
  25   33   58     504.4054   8.69664     2.701
  25   34   59     512.1744   8.68092     2.329
  25   35   60     517.6884   8.62814     2.329
  25   36   61     524.5339   8.59892     2.329
  25   37   62     529.3870   8.53850     6.542
  25   38   63     535.8214   8.50510     3.726
  25   39   64     539.9947   8.43742     3.540
  25   40   65     546.0444   8.40068     3.726
  25   41   66     549.8987   8.33180    11.178
  26   22   48     385.0908   8.02273    92.218
  26   23   49     399.9043   8.16131    24.219
  26   24   50     417.7013   8.35403     8.383
  26   25   51     431.4854   8.46050     1.398
  26   26   52     447.6996   8.60961     0.179
  26   27   53     458.3863   8.64880     1.669
  26   28   54     471.7648   8.73638     0.343
  26   29   55     481.0629   8.74660     0.307
  26   30   56     492.2600   8.79036     0.267
  26   31   57     499.9061   8.77028     0.267
  26   32   58     509.9507   8.79225     0.316
  26   33   59     516.5317   8.75477     0.330
  26   34   60     525.3512   8.75585     3.406
  26   35   61     530.9299   8.70377     2.608
  26   36   62     538.9588   8.69288     2.794
  26   37   63     543.7877   8.63155     4.302
  26   38   64     551.1929   8.61239     5.017
  26   39   65     555.5126   8.54635     5.111
  26   40   66     562.4338   8.52172     4.099
  26   41   67     566.1457   8.44994     3.819
  27   23   50     400.0319   8.00064   125.752
  27   24   51     417.8560   8.19326    48.438
  27   25   52     432.9292   8.32556     5.281
  27   26   53     449.3159   8.47766     1.727
  27   27   54     462.7379   8.56922     0.354
  27   28   55     476.8291   8.66962     0.404
  27   29   56     486.9110   8.69484     0.475
  27   30   57     498.2874   8.74188     0.515
  27   31   58     506.8604   8.73897     1.152
  27   32   59     517.3142   8.76804     0.397
  27   33   60     524.8062   8.74677     0.403
  27   34   61     534.1252   8.75615     0.839
  27   35   62     540.7228   8.72133    18.574
  27   36   63     549.2212   8.71780    18.575
  27   37   64     555.2334   8.67552    20.005
  27   38   65     562.6975   8.65688     2.082
  27   39   66     567.9922   8.60594    13.972
  27   40   67     574.9767   8.58174     6.443
  27   41   68     579.3689   8.52013     3.858
  27   42   69     586.1830   8.49541    85.697
  27   43   70     590.3939   8.43420    10.992
  28   24   52     420.3627   8.08390    82.903
  28   25   53     435.5050   8.21708    25.150
  28   26   54     453.2238   8.39303     4.657
  28   27   55     467.3527   8.49732     0.705
  28   28   56     483.9958   8.64278     0.399
  28   29   57     494.2434   8.67094     0.566
  28   30   58     506.4596   8.73206     0.348
  28   31   59     515.4589   8.73659     0.350
  28   32   60     526.8466   8.78078     0.352
  28   33   61     534.6667   8.76503     0.355
  28   34   62     545.2625   8.79456     0.424
  28   35   63     552.1002   8.76350     0.426
  28   36   64     561.7577   8.77746     0.463
  28   37   65     567.8558   8.73624     0.483
  28   38   66     576.8076   8.73951     1.397
  28   39   67     582.6153   8.69575     2.888
  28   40   68     590.4077   8.68247     2.981
  28   41   69     594.9939   8.62310     3.726
  28   42   70     602.3004   8.60429     2.143
  28   43   71     606.5641   8.54316     2.237
  28   44   72     613.4553   8.52021     2.237
  28   45   73     617.4087   8.45765     2.423
  29   27   56     467.9355   8.35599     6.394
  29   28   57     484.6861   8.50326     0.500
  29   29   58     497.1162   8.57097     0.563
  29   30   59     509.8782   8.64200     0.527
  29   31   60     519.9363   8.66560     1.612
  29   32   61     531.6464   8.71551     0.950
  29   33   62     540.5212   8.71808     0.636
  29   34   63     551.3849   8.75214     0.426
  29   35   64     559.3007   8.73907     0.427
  29   36   65     569.2113   8.75710     0.643
  29   37   66     576.2772   8.73147     0.648
  29   38   67     585.4098   8.73746     0.891
  29   39   68     591.7286   8.70189     1.584
  29   40   69     599.9691   8.69520     1.397
  29   41   70     605.2806   8.64687     1.081
  29   42   71     613.0867   8.63502     1.490
  29   43   72     618.2299   8.58653     1.397
  29   44   73     625.5056   8.56857     1.941
  29   45   74     630.5957   8.52156     6.148
  29   46   75     637.1310   8.49508     0.717
  29   47   76     641.7137   8.44360     0.913
  29   48   77     647.6663   8.41125     1.211
  29   49   78     651.6642   8.35467    13.332
  29   50   79     657.3541   8.32094   104.979
  30   28   58     486.9649   8.39595    50.001
  30   29   59     499.9530   8.47378     0.758
  30   30   60     514.9832   8.58305     0.548
  30   31   61     525.2289   8.61031    15.899
  30   32   62     538.1194   8.67935     0.615
  30   33   63     547.2361   8.68629     1.559
  30   34   64     559.0980   8.73591     0.643
  30   35   65     567.0773   8.72427     0.646
  30   36   66     578.1358   8.75963     0.743
  30   37   67     585.1883   8.73415     0.755
  30   38   68     595.3864   8.75568     0.778
  30   39   69     601.8685   8.72273     0.795
  30   40   70     611.0866   8.72981     1.917
  30   41   71     616.9220   8.68904     2.654
  30   42   72     625.8100   8.69181     2.142
  30   43   73     631.3292   8.64835     1.863
  30   44   74     639.5639   8.64275     2.515
  30   45   75     644.4374   8.59250     1.956
  30   46   76     652.2528   8.58227     1.455
  30   47   77     656.8103   8.53000     1.972
  30   48   78     663.5757   8.50738     1.943
  30   49   79     667.5960   8.45058     2.224
  30   50   80     673.8837   8.42355     2.584
  30   51   81     676.5060   8.35193     5.030
  30   52   82     680.6916   8.30112     3.074
  31   30   61     515.2323   8.44643    37.993
  31   31   62     528.1560   8.51865     0.637
  31   32   63     540.7874   8.58393     1.304
  31   33   64     551.1444   8.61163     1.428
  31   34   65     563.0404   8.66216     0.791
  31   35   66     572.1780   8.66936     1.092
  31   36   67     583.4047   8.70753     1.176
  31   37   68     591.6829   8.70122     1.430
  31   38   69     601.9960   8.72458     1.197
  31   39   70     609.6497   8.70928     1.201
  31   40   71     618.9500   8.71761     0.810
  31   41   72     625.4704   8.68709     0.818
  31   42   73     634.6528   8.69387     1.677
  31   43   74     641.0744   8.66317     2.994
  31   44   75     649.5567   8.66076     0.671
  31   45   76     655.4641   8.62453     1.956
  31   46   77     663.2311   8.61339     2.422
  31   47   78     669.0141   8.57710     1.050
  31   48   79     675.9297   8.55607     1.207
  31   49   80     680.6764   8.50845     2.890
  31   50   81     687.1520   8.48336     3.263
  31   51   82     690.5261   8.42105     2.426
  31   52   83     694.9238   8.37258     2.612
  31   53   84     697.8321   8.30753    29.808
  31   54   85     701.5533   8.25357    37.260
  32   30   62     517.5265   8.34720   139.724
  32   31   63     530.3792   8.41872    37.260
  32   32   64     545.8448   8.52882     3.726
  32   33   65     556.0788   8.55506     2.164
  32   34   66     569.2789   8.62544     2.400
  32   35   67     578.4169   8.63309     4.318
  32   36   68     590.7933   8.68814     1.876
  32   37   69     598.9865   8.68096     1.317
  32   38   70     610.5192   8.72170     0.820
  32   39   71     617.9351   8.70331     0.814
  32   40   72     628.6857   8.73175     0.075
  32   41   73     635.4687   8.70505     0.057
  32   42   74     645.6649   8.72520     0.012
  32   43   75     652.1707   8.69561     0.051
  32   44   76     661.5980   8.70524     0.018
  32   45   77     667.6693   8.67103     0.052
  32   46   78     676.3898   8.67166     3.535
  32   47   79     682.1262   8.63451    37.160
  32   48   80     690.2057   8.62757     2.054
  32   49   81     695.0334   8.58066     2.054
  32   50   82     702.2281   8.56376     2.240
  32   51   83     705.8607   8.50435     2.426
  32   52   84     711.1041   8.46552     3.170
  32   53   85     714.1504   8.40177     3.729
  33   32   65     545.7553   8.39624    84.766
  33   33   66     558.9146   8.46840     5.682
  33   34   67     571.5481   8.53057     0.442
  33   35   68     581.9267   8.55775     1.845
  33   36   69     594.2157   8.61182    31.999
  33   37   70     603.5088   8.62155     1.397
  33   38   71     615.1394   8.66394     4.163
  33   39   72     623.5473   8.66038     4.083
  33   40   73     634.3415   8.68961     3.853
  33   41   74     642.3202   8.68000     1.693
  33   42   75     652.5656   8.70087     0.883
  33   43   76     659.8941   8.68282     0.886
  33   44   77     669.5904   8.69598     1.692
  33   45   78     676.5623   8.67388     9.779
  33   46   79     685.4528   8.67662     5.324
  33   47   80     692.1026   8.65128     3.333
  33   48   81     700.4926   8.64806     2.644
  33   49   82     706.1361   8.61142     3.729
  33   50   83     713.7713   8.59965     2.798
  33   51   84     718.0268   8.54794     3.170
  33   52   85     723.4337   8.51099     3.078
  33   53   86     727.2781   8.45672     3.449
  33   54   87     732.0051   8.41385     2.985
  34   33   67     560.7588   8.36953    67.068
  34   34   68     576.4393   8.47705     0.496
  34   35   69     586.7559   8.50371     1.489
  34   36   70     600.3224   8.57603     1.584
  34   37   71     609.6103   8.58606     2.794
  34   38   72     622.4033   8.64449     1.956
  34   39   73     630.8338   8.64156     7.423
  34   40   74     642.8910   8.68772     0.014
  34   41   75     650.9186   8.67891     0.073
  34   42   76     662.0723   8.71148     0.016
  34   43   77     669.4912   8.69469     0.062
  34   44   78     679.9890   8.71781     0.178
  34   45   79     686.9518   8.69559     0.222
  34   46   80     696.8651   8.71081     0.946
  34   47   81     703.5660   8.68600     0.977
  34   48   82     712.8422   8.69320     0.466
  34   49   83     718.6602   8.65856     3.036
  34   50   84     727.3387   8.65879     1.961
  34   51   85     731.8759   8.61030     2.612
  34   52   86     738.0367   8.58182     2.520
  34   53   87     742.0310   8.52909     2.240
  34   54   88     747.5604   8.49500     3.357
  34   55   89     750.7399   8.43528     3.729
  35   34   69     575.7983   8.34490    42.002
  35   35   70     589.0358   8.41480    14.904
  35   36   71     602.1839   8.48146     5.402
  35   37   72     612.8145   8.51131     1.025
  35   38   73     625.4699   8.56808     6.741
  35   39   74     635.1836   8.58356     5.835
  35   40   75     647.0737   8.62765     4.285
  35   41   76     656.3271   8.63588     9.321
  35   42   77     667.3442   8.66681     2.810
  35   43   78     675.6328   8.66196     3.579
  35   44   79     686.3201   8.68760     1.000
  35   45   80     694.2123   8.67765     0.992
  35   46   81     704.3717   8.69595     0.977
  35   47   82     711.9646   8.68250     0.971
  35   48   83     721.5510   8.69339     3.794
  35   49   84     728.3917   8.67133    25.730
  35   50   85     737.2554   8.67359     3.078
  35   51   86     742.3835   8.63237     3.078
  35   52   87     748.7142   8.60591     3.171
  35   53   88     753.6098   8.56375     3.171
  35   54   89     759.2394   8.53078     3.264
  35   55   90     763.0368   8.47819     3.357
  35   56   91     768.2151   8.44192     3.543
  35   57   92     771.4119   8.38491     6.709
  36   35   71     591.2263   8.32713   128.768
  36   36   72     606.9110   8.42932     8.011
  36   37   73     617.5935   8.46018     6.577
  36   38   74     631.4449   8.53304     2.013
  36   39   75     641.5080   8.55344     8.104
  36   40   76     654.2694   8.60881     4.013
  36   41   77     663.4965   8.61684     1.956
  36   42   78     675.5766   8.66124     0.306
  36   43   79     683.9119   8.65711     3.480
  36   44   80     695.4344   8.69293     0.694
  36   45   81     703.3085   8.68282     1.073
  36   46   82     714.2754   8.71068     0.006
  36   47   83     721.7456   8.69573     0.008
  36   48   84     732.2656   8.71745     0.004
  36   49   85     739.3779   8.69856     2.000
  36   50   86     749.2346   8.71203     0.004
  36   51   87     754.7497   8.67528     0.246
  36   52   88     761.8028   8.65685     2.608
  36   53   89     766.7186   8.61482     2.142
  36   54   90     773.2134   8.59126     1.863
  36   55   91     777.2994   8.54175     2.236
  36   56   92     783.1661   8.51268     2.701
  36   57   93     786.6041   8.45811     2.515
  36   58   94     791.8872   8.42433    12.109
  36   59   95     794.7697   8.36600    18.630
  36   60   96     799.7637   8.33087    19.277
  36   61   97     802.1769   8.26986   130.409
  37   36   73     606.2710   8.30508    40.794
  37   37   74     620.2467   8.38171     3.026
  37   38   75     633.6207   8.44828     1.179
  37   39   76     644.9524   8.48622     0.937
  37   40   77     657.3752   8.53734     1.304
  37   41   78     667.5514   8.55835     3.237
  37   42   79     679.4901   8.60114     1.942
  37   43   80     688.9341   8.61168     1.863
  37   44   81     700.2866   8.64551     4.904
  37   45   82     709.0891   8.64743     3.009
  37   46   83     720.0432   8.67522     2.329
  37   47   84     728.8029   8.67622     2.194
  37   48   85     739.2826   8.69744     0.005
  37   49   86     747.9335   8.69690     0.199
  37   50   87     757.8556   8.71098     0.006
  37   51   88     763.9382   8.68112     0.158
  37   52   89     771.1129   8.66419     5.426
  37   53   90     776.8374   8.63153     6.452
  37   54   91     783.2882   8.60756     7.801
  37   55   92     788.3869   8.56942     6.123
  37   56   93     794.3057   8.54092     7.830
  37   57   94     798.3199   8.49276     2.028
  37   58   95     803.7187   8.46020    20.244
  37   59   96     807.2541   8.40890     3.352
  37   60   97     812.4902   8.37619     1.911
  37   61   98     816.4115   8.33073    16.082
  37   62   99     821.2348   8.29530     4.031
  37   63  100     824.4509   8.24451    13.124
  37   64  101     828.8237   8.20618    20.493
  37   65  102     831.5799   8.15274    82.903
  38   36   74     608.3758   8.22129    99.670
  38   38   76     637.9386   8.39393    34.465
  38   39   77     649.5658   8.43592     7.918
  38   40   78     663.0076   8.50010     7.452
  38   41   79     673.3846   8.52386     7.421
  38   42   80     686.2877   8.57860     3.463
  38   43   81     695.5757   8.58735     3.128
  38   44   82     708.1290   8.63572     5.991
  38   45   83     716.9878   8.63841     6.833
  38   46   84     728.9111   8.67751     1.243
  38   47   85     737.4362   8.67572     2.813
  38   48   86     748.9273   8.70846     0.005
  38   49   87     757.3556   8.70524     0.005
  38   50   88     768.4684   8.73260     0.006
  38   51   89     774.8272   8.70592     0.091
  38   52   90     782.6404   8.69600     1.448
  38   53   91     788.4127   8.66388     5.452
  38   54   92     795.6995   8.64891     3.423
  38   55   93     800.9893   8.61279     7.553
  38   56   94     807.8204   8.59383     1.663
  38   57   95     812.1633   8.54909     5.810
  38   58   96     818.0356   8.52120     8.466
  38   59   97     821.7694   8.47185     3.384
  38   60   98     827.6824   8.44574     3.226
  38   61   99     831.8498   8.40252     4.737
  38   62  100     837.2201   8.37220     6.917
  38   63  101     840.7989   8.32474     8.479
  38   64  102     845.7046   8.29122    67.068
  39   40   79     664.9255   8.41678    80.108
  39   41   80     676.3421   8.45428     6.242
  39   42   81     688.9782   8.50590     5.405
  39   43   82     699.4007   8.52928     5.498
  39   44   83     711.6136   8.57366    18.630
  39   45   84     721.3736   8.58778     4.299
  39   46   85     733.3926   8.62815    18.965
  39   47   86     742.9049   8.63843    14.142
  39   48   87     754.7115   8.67485     1.127
  39   49   88     764.0635   8.68254     1.500
  39   50   89     775.5470   8.71401     0.338
  39   51   90     782.4040   8.69338     0.353
  39   52   91     790.3297   8.68494     1.842
  39   53   92     796.8662   8.66159     9.127
  39   54   93     804.3482   8.64891    10.488
  39   55   94     810.5439   8.62281     6.380
  39   56   95     817.4716   8.60496     6.778
  39   57   96     822.6650   8.56943     6.074
  39   58   97     828.5218   8.54146     6.708
  39   59   98     832.7664   8.49762     7.919
  39   60   99     839.1927   8.47669     6.615
  39   61  100     843.9415   8.43942    11.178
  39   62  101     849.7464   8.41333     7.080
  39   63  102     853.9356   8.37192     4.081
  39   64  103     859.2913   8.34263    11.205
  40   41   81     680.0073   8.39515    92.218
  40   42   82     694.1683   8.46547     1.584
  40   43   83     704.5372   8.48840     6.429
  40   44   84     718.1185   8.54903     5.499
  40   45   85     727.9434   8.56404     6.429
  40   46   86     740.8085   8.61405     3.565
  40   47   87     750.2580   8.62365     4.145
  40   48   88     762.6110   8.66603     5.403
  40   49   89     771.9314   8.67339     2.779
  40   50   90     783.8973   8.70997     0.117
  40   51   91     791.0917   8.69332     0.094
  40   52   92     799.7264   8.69268     0.094
  40   53   93     806.4607   8.67162     0.456
  40   54   94     814.6794   8.66680     0.163
  40   55   95     821.1413   8.64359     0.869
  40   56   96     828.9915   8.63533     0.114
  40   57   97     834.5607   8.60372     0.121
  40   58   98     840.9771   8.58140     8.444
  40   59   99     845.3833   8.53923    10.499
  40   60  100     852.2107   8.52211     8.143
  40   61  101     857.0702   8.48584     8.331
  40   62  102     863.5620   8.46629     8.757
  40   63  103     867.8609   8.42583     9.222
  40   64  104     873.8409   8.40232     9.315
  40   65  105     877.6528   8.35860    12.109
  41   43   84     707.1083   8.41796     0.401
  41   44   85     720.2655   8.47371     4.099
  41   45   86     731.1912   8.50222     5.499
  41   46   87     744.0030   8.55176     6.802
  41   47   88     754.3713   8.57240    57.808
  41   48   89     766.8969   8.61682    23.629
  41   49   90     777.0039   8.63338     3.317
  41   50   91     789.0518   8.67090     2.925
  41   51   92     796.9383   8.66237     1.784
  41   52   93     805.7692   8.66419     1.489
  41   53   94     812.9967   8.64890     1.490
  41   54   95     821.4853   8.64721     0.508
  41   55   96     828.3732   8.62889     0.146
  41   56   97     836.4444   8.62314     4.244
  41   57   98     842.4376   8.59630     5.001
  41   58   99     849.3196   8.57899    12.003
  41   59  100     854.8468   8.54847     7.975
  41   60  101     862.0184   8.53484     3.748
  41   61  102     867.4965   8.50487     2.510
  41   62  103     874.2982   8.48833     3.935
  41   63  104     879.1519   8.45338     1.784
  41   64  105     885.3277   8.43169     4.028
  41   65  106     889.6862   8.39327     1.416
  41   66  107     895.2786   8.36709     8.022
  41   67  108     899.1713   8.32566     8.238
  42   43   85     710.7132   8.36133    15.835
  42   44   86     725.3857   8.43472     2.931
  42   45   87     736.2309   8.46242     2.857
  42   46   88     750.1040   8.52391     3.819
  42   47   89     760.5037   8.54499     3.912
  42   48   90     773.7326   8.59703     3.462
  42   49   91     783.8402   8.61363     6.237
  42   50   92     796.5113   8.65773     0.156
  42   51   93     804.5811   8.65141     0.180
  42   52   94     814.2594   8.66233     0.141
  42   53   95     821.6285   8.64872     0.123
  42   54   96     830.7829   8.65399     0.119
  42   55   97     837.6040   8.63509     0.164
  42   56   98     846.2466   8.63517     0.173
  42   57   99     852.1720   8.60780     0.228
  42   58  100     860.4663   8.60466     0.300
  42   59  101     865.8645   8.57292     0.308
  42   60  102     873.9768   8.56840     8.305
  42   61  103     879.4415   8.53827     9.222
  42   62  104     886.9023   8.52791     8.911
  42   63  105     891.9606   8.49486     9.055
  42   64  106     898.8292   8.47952     9.130
  42   65  107     903.3174   8.44222     9.223
  42   66  108     909.5931   8.42216     9.223
  42   67  109     913.5744   8.38142    11.178
  42   68  110     919.5222   8.35929    24.219
  42   69  111     922.9976   8.31529    12.578
  43   44   87     726.2538   8.34775     4.192
  43   45   88     738.3054   8.38983     4.099
  43   46   89     752.1013   8.45058     3.819
  43   47   90     763.5024   8.48336     1.025
  43   48   91     776.8357   8.53666     2.362
  43   49   92     787.8461   8.56354     3.102
  43   50   93     800.5978   8.60858     1.012
  43   51   94     809.2213   8.60874     4.071
  43   52   95     819.1557   8.62269     5.079
  43   53   96     827.0273   8.61487     5.146
  43   54   97     836.5014   8.62373     4.117
  43   55   98     843.7805   8.61000     3.379
  43   56   99     852.7475   8.61361     0.907
  43   57  100     859.5119   8.59512     1.351
  43   58  101     867.9068   8.59314    24.003
  43   59  102     874.2065   8.57065     9.166
  43   60  103     882.3088   8.56610     9.810
  43   61  104     888.2751   8.54111    24.886
  43   62  105     896.1338   8.53461    35.263
  43   63  106     901.6951   8.50656    12.249
  43   64  107     908.7401   8.49290     8.672
  43   65  108     913.9843   8.46282     8.768
  43   66  109     920.4156   8.44418     9.669
  43   67  110     925.2386   8.41126     9.497
  43   68  111     931.3001   8.39009    10.581
  43   69  112     935.6057   8.35362     5.514
  43   70  113     941.2296   8.32947     3.353
  44   45   89     742.2935   8.34038    24.219
  44   46   90     756.8792   8.40977     3.730
  44   47   91     768.3065   8.44293     2.221
  44   48   92     782.4392   8.50477     2.717
  44   49   93     793.4261   8.53146     2.064
  44   50   94     806.8642   8.58366     3.143
  44   51   95     815.8097   8.58747     9.501
  44   52   96     826.5037   8.60941     0.170
  44   53   97     834.6152   8.60428     2.762
  44   54   98     844.7908   8.62031     6.462
  44   55   99     852.2626   8.60871     0.343
  44   56  100     861.9359   8.61936     0.342
  44   57  101     868.7380   8.60137     0.413
  44   58  102     877.9576   8.60743     0.415
  44   59  103     884.1897   8.58437     0.441
  44   60  104     893.0896   8.58740     2.498
  44   61  105     898.9997   8.56190     2.499
  44   62  106     907.4597   8.56094     5.391
  44   63  107     913.0703   8.53337     8.672
  44   64  108     920.9405   8.52723     8.680
  44   65  109     926.0889   8.49623     8.954
  44   66  110     933.4944   8.48631     8.924
  44   67  111     938.2784   8.45296     9.682
  44   68  112     945.1952   8.43924     9.599
  44   69  113     949.5035   8.40269    38.282
  44   70  114     955.9282   8.38534     3.556
  44   71  115     959.8836   8.34681    25.165
  44   72  116     965.9186   8.32688     3.726
  45   47   92     770.3548   8.37342     4.378
  45   48   93     784.4388   8.43483     2.628
  45   49   94     796.4059   8.47240     3.379
  45   50   95     809.9102   8.52537     3.885
  45   51   96     819.3287   8.53467    10.001
  45   52   97     830.3098   8.55990    35.463
  45   53   98     838.9588   8.56080    11.906
  45   54   99     849.4394   8.58020    19.451
  45   55  100     857.5173   8.57517    18.125
  45   56  101     867.4100   8.58822     5.840
  45   57  102     874.8522   8.57698     6.409
  45   58  103     884.1719   8.58419     2.301
  45   59  104     891.1708   8.56895     2.302
  45   60  105     900.1341   8.57271     2.501
  45   61  106     906.7168   8.55393     5.390
  45   62  107     915.2891   8.55410    12.051
  45   63  108     921.5279   8.53267    13.997
  45   64  109     929.5673   8.52814     4.039
  45   65  110     935.4681   8.50426    17.805
  45   66  111     943.0146   8.49563     6.852
  45   67  112     948.5131   8.46887    44.085
  45   68  113     955.6203   8.45682     7.132
  45   69  114     960.6349   8.42662    71.561
  45   70  115     967.2252   8.41065     7.319
  45   71  116     971.8030   8.37761    73.831
  45   72  117     978.0354   8.35928     8.894
  45   73  118     982.0968   8.32285    24.236
  45   74  119     988.1041   8.30340     9.315
  46   48   94     788.8182   8.39168     4.287
  46   49   95     800.7532   8.42898     3.030
  46   50   96     815.0420   8.49002     4.194
  46   51   97     824.7358   8.50243     4.844
  46   52   98     836.3222   8.53390     4.741
  46   53   99     845.2554   8.53793     5.106
  46   54  100     856.3565   8.56357    17.637
  46   55  101     864.6473   8.56086     4.588
  46   56  102     875.1895   8.58029     0.418
  46   57  103     882.8148   8.57102     0.877
  46   58  104     892.8243   8.58485     1.336
  46   59  105     899.9184   8.57065     1.138
  46   60  106     909.4793   8.57999     1.105
  46   61  107     916.0157   8.56089     1.201
  46   62  108     925.2386   8.56702     1.108
  46   63  109     931.3922   8.54488     1.113
  46   64  110     940.1879   8.54716     0.612
  46   65  111     945.9142   8.52175     0.731
  46   66  112     954.3207   8.52072     6.546
  46   67  113     959.6615   8.49258     6.947
  46   68  114     967.6327   8.48801     6.948
  46   69  115     972.6395   8.45773    13.547
  46   70  116     980.1160   8.44928     7.134
  46   71  117     984.7802   8.41692     7.254
  46   72  118     991.8159   8.40522     2.494
  46   73  119     995.9062   8.36896     8.247
  46   74  120    1002.8498   8.35708     2.295
  46   75  121    1006.8239   8.32086     3.353
  46   76  122    1013.3290   8.30598    19.561
  47   49   96     802.5879   8.36029    90.083
  47   50   97     817.0516   8.42321    12.016
  47   51   98     827.2853   8.44169    32.907
  47   52   99     839.0027   8.47477     6.264
  47   53  100     848.4995   8.48499     4.999
  47   54  101     859.7672   8.51255     4.837
  47   55  102     868.7509   8.51717     8.170
  47   56  103     879.3782   8.53765     4.099
  47   57  104     887.7633   8.53619     4.217
  47   58  105     897.7890   8.55037     4.543
  47   59  106     905.7318   8.54464     3.015
  47   60  107     915.2674   8.55390     2.381
  47   61  108     922.5389   8.54203     2.387
  47   62  109     931.7228   8.54792     1.286
  47   63  110     938.5320   8.53211     1.285
  47   64  111     947.3615   8.53479     1.458
  47   65  112     953.8011   8.51608     2.422
  47   66  113     962.3155   8.51607    16.642
  47   67  114     968.2908   8.49378     4.564
  47   68  115     976.4139   8.49056    18.268
  47   69  116     982.0453   8.46591     3.260
  47   70  117     989.7558   8.45945    13.572
  47   71  118     995.1990   8.43389     2.515
  47   72  119    1002.3623   8.42321    14.702
  47   73  120    1007.4394   8.39533     4.471
  47   74  121    1014.2620   8.38233    12.109
  47   75  122    1019.0366   8.35276    38.191
  47   76  123    1025.5704   8.33797    32.602
  48   50   98     821.0730   8.37830    51.796
  48   51   99     831.4390   8.39837     1.584
  48   52  100     843.7738   8.43774     1.677
  48   53  101     853.4870   8.45037     1.490
  48   54  102     865.3815   8.48413     1.662
  48   55  103     874.4447   8.48975     1.810
  48   56  104     885.8328   8.51762     1.672
  48   57  105     894.2696   8.51685     1.392
  48   58  106     905.1392   8.53905     1.103
  48   59  107     913.0687   8.53335     1.660
  48   60  108     923.4021   8.55002     1.122
  48   61  109     930.7254   8.53876     1.536
  48   62  110     940.6403   8.55128     0.379
  48   63  111     947.6159   8.53708     0.357
  48   64  112     957.0098   8.54473     0.250
  48   65  113     963.5496   8.52699     0.244
  48   66  114     972.5926   8.53151     0.276
  48   67  115     978.7334   8.51073     0.651
  48   68  116     987.4327   8.51235     0.160
  48   69  117     993.2100   8.48897     1.013
  48   70  118    1001.5645   8.48784    20.000
  48   71  119    1006.9112   8.46144    37.695
  48   72  120    1014.9629   8.45802     3.726
  48   73  121    1020.1507   8.43100     1.942
  48   74  122    1027.7606   8.42427     2.299
  48   75  123    1032.6337   8.39540     2.696
  48   76  124    1039.9902   8.38702     2.608
  48   77  125    1044.7102   8.35768     2.888
  48   78  126    1051.6892   8.34674     2.304
  48   79  127    1056.2460   8.31690     6.200
  48   80  128    1062.8143   8.30324     6.432
  48   81  129    1066.7695   8.26953     5.310
  48   82  130    1072.8363   8.25259    22.356
  48   83  131    1075.0018   8.20612    19.238
  48   84  132    1078.3268   8.16914    60.067
  49   51  100     832.9750   8.32975     2.236
  49   52  101     845.4130   8.37043    11.661
  49   53  102     855.6344   8.38857     4.573
  49   54  103     867.6432   8.42372     8.980
  49   55  104     877.2648   8.43524     5.775
  49   56  105     888.7940   8.46470    10.246
  49   57  106     897.8329   8.47012    12.226
  49   58  107     908.8627   8.49404     9.653
  49   59  108     917.4872   8.49525     8.641
  49   60  109     927.9282   8.51310     3.969
  49   61  110     935.9800   8.50891    11.552
  49   62  111     945.9734   8.52228     3.423
  49   63  112     953.6428   8.51467     4.250
  49   64  113     963.0911   8.52293     0.188
  49   65  114     970.3651   8.51197     0.301
  49   66  115     979.4029   8.51655     0.011
  49   67  116     986.1877   8.50162     0.220
  49   68  117     994.9523   8.50387     4.880
  49   69  118    1001.3087   8.48567     7.752
  49   70  119    1009.8505   8.48614     7.309
  49   71  120    1015.9509   8.46626    40.010
  49   72  121    1024.1291   8.46388    27.419
  49   73  122    1029.9372   8.44211    50.059
  49   74  123    1037.8662   8.43794    19.832
  49   75  124    1043.3762   8.41432    30.560
  49   76  125    1050.9921   8.40794     1.770
  49   77  126    1056.4605   8.38461     4.192
  49   78  127    1063.6023   8.37482    10.001
  49   79  128    1068.9838   8.35144     1.322
  49   80  129    1075.6999   8.33876     1.971
  49   81  130    1080.8429   8.31418     1.789
  49   82  131    1087.0321   8.29795     2.205
  49   83  132    1089.4906   8.25372    60.032
  50   52  102     849.0920   8.32443   100.104
  50   53  103     859.3212   8.34292   100.601
  50   54  104     871.9268   8.38391     5.745
  50   55  105     881.7091   8.39723     3.971
  50   56  106     893.7961   8.43204     5.091
  50   57  107     903.0259   8.43949     5.310
  50   58  108     914.6550   8.46903     5.382
  50   59  109     923.2865   8.47052     7.948
  50   60  110     934.5696   8.49609    13.777
  50   61  111     942.7376   8.49313     5.336
  50   62  112     953.5253   8.51362     0.293
  50   63  113     961.2697   8.50681     1.574
  50   64  114     971.5727   8.52257     0.029
  50   65  115     979.1181   8.51407     0.015
  50   66  116     988.6815   8.52312     0.096
  50   67  117     995.6246   8.50961     0.483
  50   68  118    1004.9510   8.51653     0.499
  50   69  119    1011.4345   8.49945     0.725
  50   70  120    1020.5386   8.50449     0.919
  50   71  121    1026.7088   8.48520     0.978
  50   72  122    1035.5234   8.48790     2.447
  50   73  123    1041.4695   8.46723     2.479
  50   74  124    1049.9576   8.46740     1.313
  50   75  125    1055.6911   8.44553     1.328
  50   76  126    1063.8839   8.44352    10.687
  50   77  127    1069.4096   8.42055     9.226
  50   78  128    1077.3728   8.41698    17.682
  50   79  129    1082.6733   8.39282    17.270
  50   80  130    1090.2862   8.38682     1.872
  50   81  131    1095.4899   8.36252     3.621
  50   82  132    1102.8432   8.35487     1.976
  50   83  133    1105.2419   8.31009     1.903
  50   84  134    1108.8730   8.27517     3.167
  50   85  135    1111.1429   8.23069     3.074
  51   53  104     858.8126   8.25781   101.533
  51   54  105     871.6042   8.30099    21.826
  51   55  106     882.1333   8.32201     7.452
  51   56  107     894.3846   8.35873     4.147
  51   57  108     904.2480   8.37267     5.496
  51   58  109     916.1250   8.40482     5.265
  51   59  110     925.3951   8.41268     5.962
  51   60  111     936.8534   8.44012     8.849
  51   61  112     945.6869   8.44363    17.829
  51   62  113     956.5762   8.46528    17.193
  51   63  114     964.7272   8.46252    19.772
  51   64  115     975.3053   8.48092    16.024
  51   65  116     983.1952   8.47582     5.154
  51   66  117     993.0841   8.48790     8.437
  51   67  118    1000.5121   8.47892     3.015
  51   68  119    1010.0627   8.48792     6.997
  51   69  120    1017.0756   8.47563     7.199
  51   70  121    1026.3290   8.48206     2.506
  51   71  122    1033.1353   8.46832     2.503
  51   72  123    1042.0953   8.47232     1.356
  51   73  124    1048.5628   8.45615     1.357
  51   74  125    1057.2702   8.45816     2.515
  51   75  126    1063.4795   8.44031    31.847
  51   76  127    1071.8560   8.43981     5.083
  51   77  128    1077.8589   8.42077    18.787
  51   78  129    1085.9297   8.41806    21.225
  51   79  130    1091.6574   8.39736    14.212
  51   80  131    1099.4244   8.39255     2.083
  51   81  132    1105.1496   8.37235     2.467
  51   82  133    1112.5091   8.36473     3.127
  51   83  134    1115.6759   8.32594     3.074
  51   84  135    1119.4186   8.29199     2.640
  51   85  136    1122.3065   8.25225     5.829
  51   86  137    1125.9313   8.21848    52.164
  52   54  106     873.0974   8.23677   100.540
  52   55  107     883.6060   8.25800   100.601
  52   56  108     896.8020   8.30372     5.410
  52   57  109     906.8070   8.31933     4.382
  52   58  110     919.3928   8.35812     6.574
  52   59  111     928.8218   8.36776     6.427
  52   60  112     940.8731   8.40065     8.383
  52   61  113     949.7240   8.40464    27.945
  52   62  114     961.3379   8.43279    24.428
  52   63  115     969.5823   8.43115    27.945
  52   64  116     980.8547   8.45564    24.206
  52   65  117     988.7577   8.45092    13.455
  52   66  118     999.4243   8.46970    18.306
  52   67  119    1006.9874   8.46208     7.278
  52   68  120    1017.2383   8.47699     1.751
  52   69  121    1024.4906   8.46686    25.834
  52   70  122    1034.3321   8.47813     1.356
  52   71  123    1041.2611   8.46554     1.354
  52   72  124    1050.6856   8.47327     1.352
  52   73  125    1057.2545   8.45804     1.352
  52   74  126    1066.3682   8.46324     1.353
  52   75  127    1072.6559   8.44611     1.365
  52   76  128    1081.4405   8.44875     0.706
  52   77  129    1087.5229   8.43041     0.711
  52   78  130    1095.9423   8.43033     0.010
  52   79  131    1101.8717   8.41123     0.061
  52   80  132    1109.9202   8.40849     3.486
  52   81  133    1115.7404   8.38903     2.066
  52   82  134    1123.4083   8.38364     2.746
  52   83  135    1126.6747   8.34574     1.721
  52   84  136    1131.4425   8.31943     2.280
  52   85  137    1134.3923   8.28024     2.100
  52   86  138    1138.8559   8.25258     3.787
  52   87  139    1141.4363   8.21177     3.540
  52   88  140    1145.6700   8.18336    14.377
  53   55  108     883.0090   8.17601   101.533
  53   56  109     895.9818   8.22002     6.728
  53   57  110     906.8485   8.24408    61.939
  53   58  111     919.4057   8.28293     4.753
  53   59  112     929.5866   8.29988    10.246
  53   60  113     941.7141   8.33375     8.011
  53   61  114     951.3048   8.34478    20.027
  53   62  115     963.0750   8.37457    28.876
  53   63  116     972.2292   8.38129    75.037
  53   64  117     983.3184   8.40443    25.557
  53   65  118     991.9222   8.40612    19.760
  53   66  119    1002.8002   8.42689    21.706
  53   67  120    1010.8410   8.42367    15.101
  53   68  121    1021.4108   8.44141     4.723
  53   69  122    1029.3157   8.43701     5.180
  53   70  123    1039.2503   8.44919     3.685
  53   71  124    1046.7436   8.44148     2.298
  53   72  125    1056.2864   8.45029     1.353
  53   73  126    1063.4322   8.43994     3.777
  53   74  127    1072.5762   8.44548     3.621
  53   75  128    1079.4024   8.43283     3.621
  53   76  129    1088.2428   8.43599     3.153
  53   77  130    1094.7432   8.42110     3.153
  53   78  131    1103.3210   8.42230     0.605
  53   79  132    1109.6531   8.40646     4.065
  53   80  133    1117.8782   8.40510     5.901
  53   81  134    1124.1357   8.38907     4.856
  53   82  135    1131.9427   8.38476     2.060
  53   83  136    1135.7801   8.35132    14.188
  53   84  137    1140.6625   8.32600     8.383
  53   85  138    1144.3574   8.29245     5.962
  53   86  139    1148.9198   8.26561     4.005
  53   87  140    1152.1264   8.22947    12.109
  53   88  141    1156.5181   8.20226    15.835
  53   89  142    1159.4658   8.16525     4.937
  54   56  110     897.5209   8.15928   100.988
  54   57  111     908.1899   8.18189   115.505
  54   58  112     921.7673   8.23006     8.282
  54   59  113     932.0158   8.24793     6.839
  54   60  114     944.9694   8.28921    11.178
  54   61  115     954.6116   8.30097    12.109
  54   62  116     967.0731   8.33684    13.017
  54   63  117     976.2828   8.34430    10.378
  54   64  118     988.2479   8.37498    10.378
  54   65  119     997.0346   8.37844    10.378
  54   66  120    1008.4839   8.40403    11.817
  54   67  121    1016.8638   8.40383    10.242
  54   68  122    1027.8091   8.42466    11.111
  54   69  123    1035.7737   8.42092     9.533
  54   70  124    1046.2641   8.43761     1.357
  54   71  125    1053.8674   8.43094     1.414
  54   72  126    1063.8857   8.44354     0.006
  54   73  127    1071.1316   8.43411     4.087
  54   74  128    1080.7425   8.44330     0.005
  54   75  129    1087.6494   8.43139     0.005
  54   76  130    1096.9051   8.43773     0.009
  54   77  131    1103.5095   8.42374     0.005
  54   78  132    1112.4462   8.42762     0.005
  54   79  133    1118.8822   8.41265     2.400
  54   80  134    1127.4357   8.41370     0.006
  54   81  135    1133.7946   8.39848     3.668
  54   82  136    1141.8817   8.39619     0.007
  54   83  137    1145.9073   8.36429     0.103
  54   84  138    1151.5674   8.34469     2.804
  54   85  139    1155.3111   8.31159     2.142
  54   86  140    1160.7243   8.29089     2.329
  54   87  141    1164.0064   8.25536     2.888
  54   88  142    1169.1101   8.23317     2.701
  54   89  143    1172.1546   8.19689     4.657
  54   90  144    1176.8954   8.17288     5.310
  54   91  145    1179.5877   8.13509    11.178
  54   92  146    1184.1207   8.11042    24.219
  55   57  112     907.3730   8.10155   115.505
  55   58  113     920.7944   8.14862     8.576
  55   59  114     931.7871   8.17357    85.067
  55   60  115     944.8720   8.21628   102.464
  55   61  116     955.2860   8.23522   100.601
  55   62  117     967.8082   8.27187    62.410
  55   63  118     977.7958   8.28641    12.752
  55   64  119     989.7628   8.31733    13.940
  55   65  120     999.4178   8.32848     9.969
  55   66  121    1010.7028   8.35292    14.289
  55   67  122    1019.8165   8.35915    33.687
  55   68  123    1030.7867   8.38038    12.109
  55   69  124    1039.5554   8.38351     9.150
  55   70  125    1049.9754   8.39980     7.735
  55   71  126    1058.3077   8.39927    10.358
  55   72  127    1068.2684   8.41156     5.577
  55   73  128    1076.0314   8.40650     5.376
  55   74  129    1085.6700   8.41605     4.553
  55   75  130    1093.1420   8.40878     8.356
  55   76  131    1102.3692   8.41503     0.177
  55   77  132    1109.5376   8.40559     1.036
  55   78  133    1118.5272   8.40998     0.007
  55   79  134    1125.4187   8.39865     0.016
  55   80  135    1134.1808   8.40134     0.363
  55   81  136    1141.0090   8.38977     1.872
  55   82  137    1149.2873   8.38896     0.302
  55   83  138    1153.6999   8.36014     9.158
  55   84  139    1159.5852   8.34234     3.134
  55   85  140    1164.0052   8.31432     8.198
  55   86  141    1169.5041   8.29436     9.195
  55   87  142    1173.6127   8.26488     7.066
  55   88  143    1178.8449   8.24367     7.573
  55   89  144    1182.5121   8.21189    20.131
  55   90  145    1187.3665   8.18873     9.066
  55   91  146    1190.6938   8.15544     2.893
  55   92  147    1195.3748   8.13180     8.383
  55   93  148    1198.4370   8.09755    13.041
  56   58  114     922.2243   8.08969   102.676
  56   65  121    1003.5629   8.29391   141.897
  56   66  122    1015.4983   8.32376    27.945
  56   67  123    1024.6157   8.33021    12.109
  56   68  124    1036.1218   8.35582    12.497
  56   69  125    1044.7723   8.35818    10.992
  56   70  126    1055.8446   8.37972    12.497
  56   71  127    1064.0639   8.37846    11.357
  56   72  128    1074.6865   8.39599     1.610
  56   73  129    1082.4495   8.39108    10.504
  56   74  130    1092.7167   8.40551     0.287
  56   75  131    1100.2102   8.39855     0.415
  56   76  132    1110.0375   8.40937     1.053
  56   77  133    1117.2274   8.40021     0.992
  56   78  134    1126.6952   8.40817     0.251
  56   79  135    1133.6672   8.39753     0.245
  56   80  136    1142.7749   8.40276     0.244
  56   81  137    1149.6806   8.39183     0.248
  56   82  138    1158.2923   8.39342     0.249
  56   83  139    1163.0157   8.36702     0.252
  56   84  140    1169.4410   8.35315     7.899
  56   85  141    1173.9769   8.32608     5.318
  56   86  142    1180.1580   8.31097     5.920
  56   87  143    1184.3243   8.28199     6.756
  56   88  144    1190.2255   8.26546     7.136
  56   89  145    1194.0459   8.23480     8.477
  56   90  146    1199.4673   8.21553     1.770
  56   91  147    1202.9364   8.18324    19.748
  56   92  148    1208.2886   8.16411     1.490
  56   93  149    1211.6456   8.13185     2.515
  56   94  150    1216.7761   8.11184     5.682
  57   67  124    1026.5083   8.27829    56.668
  57   68  125    1038.0805   8.30464    25.997
  57   69  126    1047.3658   8.31243    90.507
  57   70  127    1058.3598   8.33354    26.000
  57   71  128    1067.1604   8.33719    54.448
  57   72  129    1077.9298   8.35605    21.343
  57   73  130    1086.3050   8.35619    25.946
  57   74  131    1096.5182   8.37037    27.945
  57   75  132    1104.5438   8.36776    36.358
  57   76  133    1114.3859   8.37884    27.945
  57   77  134    1122.1815   8.37449    19.929
  57   78  135    1131.6776   8.38280     9.432
  57   79  136    1139.1430   8.37605    53.171
  57   80  137    1148.3177   8.38188     1.639
  57   81  138    1155.7615   8.37508     0.415
  57   82  139    1164.5418   8.37800     0.606
  57   83  140    1169.7028   8.35502     0.606
  57   84  141    1176.3919   8.34321     4.127
  57   85  142    1181.5574   8.32083     6.286
  57   86  143    1187.7762   8.30613     7.329
  57   87  144    1192.5257   8.28143    12.937
  57   88  145    1198.5827   8.26609    12.268
  57   89  146    1203.0399   8.24000     1.674
  57   90  147    1208.5684   8.22155    10.712
  57   91  148    1212.6701   8.19372    19.468
  57   93  150    1222.4151   8.14943     2.515
  58   68  126    1042.4305   8.27326    27.945
  58   69  127    1051.6606   8.28079    28.876
  58   70  128    1063.2865   8.30693    27.945
  58   71  129    1072.1114   8.31094    27.945
  58   72  130    1083.3182   8.33322    27.945
  58   73  131    1091.6750   8.33340    32.802
  58   74  132    1102.5066   8.35232    20.406
  58   75  133    1110.5274   8.34983    16.354
  58   76  134    1121.0134   8.36577    20.387
  58   77  135    1128.8681   8.36199    10.266
  58   78  136    1138.8317   8.37376     0.324
  58   79  137    1146.3132   8.36725     0.360
  58   80  138    1156.0317   8.37704     0.499
  58   81  139    1163.4948   8.37047     2.088
  58   82  140    1172.6827   8.37630     1.312
  58   83  141    1178.1108   8.35540     1.314
  58   84  142    1185.2840   8.34707     2.443
  58   85  143    1190.4288   8.32468     2.441
  58   86  144    1197.3256   8.31476     2.833
  58   87  145    1202.0321   8.28988    33.900
  58   88  146    1208.6622   8.27851    14.665
  58   89  147    1213.1216   8.25253     8.580
  58   90  148    1219.5774   8.24039    11.194
  58   91  149    1223.9202   8.21423    10.246
  58   92  150    1230.1685   8.20112    11.696
  58   93  151    1234.6180   8.17628    17.698
  59   69  128    1053.3010   8.22891    29.808
  59   70  129    1064.8151   8.25438    29.808
  59   71  130    1074.2884   8.26376    64.273
  59   72  131    1085.4849   8.28614    46.995
  59   73  132    1094.4830   8.29154    28.876
  59   74  133    1105.2644   8.31026    12.497
  59   75  134    1113.9262   8.31288    20.316
  59   76  135    1124.4054   8.32893    11.817
  59   77  136    1132.8812   8.33001    11.454
  59   78  137    1142.8139   8.34171     8.135
  59   79  138    1150.8123   8.33922    10.012
  59   80  139    1160.5834   8.34952     3.649
  59   81  140    1168.5123   8.34652     6.141
  59   82  141    1177.9119   8.35399     1.497
  59   83  142    1183.7551   8.33630     1.497
  59   84  143    1191.1082   8.32943     1.815
  59   85  144    1196.8619   8.31154     2.708
  59   86  145    1203.8087   8.30213     7.148
  59   87  146    1208.9275   8.28033    34.355
  59   88  147    1215.7694   8.27054    15.854
  59   89  148    1220.9321   8.24954    15.041
  59   90  149    1227.5073   8.23830     9.874
  59   91  150    1232.8398   8.21893     9.014
  59   92  151    1239.3903   8.20788    11.649
  59   93  152    1244.4400   8.18711    18.537
  59   94  153    1250.3217   8.17204    11.881
  59   95  154    1254.6841   8.14730   100.005
  59   96  155    1260.3112   8.13104    17.197
  59   97  156    1264.4165   8.10523     1.025
  59   98  157    1269.4733   8.08582     3.167
  60   70  130    1068.9268   8.22251    27.945
  60   71  131    1078.1699   8.23030    27.517
  60   72  132    1089.8990   8.25681    24.205
  60   73  133    1098.8769   8.26223    46.575
  60   74  134    1110.2623   8.28554    11.817
  60   75  135    1118.9008   8.28815    19.127
  60   76  136    1129.9578   8.30851    11.817
  60   77  137    1138.4137   8.30959    11.724
  60   78  138    1148.9183   8.32549    11.603
  60   79  139    1156.9893   8.32366    27.521
  60   80  140    1167.3010   8.33786     3.260
  60   81  141    1175.3066   8.33551     3.183
  60   82  142    1185.1364   8.34603     1.256
  60   83  143    1191.2600   8.33049     1.255
  60   84  144    1199.0770   8.32692     1.254
  60   85  145    1204.8323   8.30919     1.271
  60   86  146    1212.3976   8.30409     1.272
  60   87  147    1217.6898   8.28360     1.274
  60   88  148    1225.0223   8.27718     2.052
  60   89  149    1230.0611   8.25544     2.054
  60   90  150    1237.4369   8.24958     1.128
  60   91  151    1242.7714   8.23027     1.132
  60   92  152    1250.0492   8.22401    24.476
  60   93  153    1255.3012   8.20458     2.747
  60   94  154    1261.6218   8.19235     1.025
  60   95  155    1266.3973   8.17031     9.153
  60   96  156    1272.3870   8.15633     1.304
  60   97  157    1276.7503   8.13217     2.137
  60   98  158    1282.1626   8.11495     1.304
  60   99  159    1286.1228   8.08882    29.808
  60  100  160    1291.1946   8.06997    46.575
  61   71  132    1079.3185   8.17666   149.039
  61   72  133    1091.1698   8.20428    50.301
  61   73  134    1100.5974   8.21341    41.917
  61   74  135    1111.9671   8.23679    82.903
  61   75  136    1121.1460   8.24372    69.072
  61   76  137    1132.1203   8.26365    13.041
  61   77  138    1141.0331   8.26836    11.603
  61   78  139    1151.6911   8.28555    13.588
  61   79  140    1160.4734   8.28910    24.220
  61   80  141    1170.8556   8.30394    13.972
  61   81  142    1179.5456   8.30666    23.595
  61   82  143    1189.4360   8.31773     2.944
  61   83  144    1195.9628   8.30530     2.912
  61   84  145    1203.8855   8.30266     2.805
  61   85  146    1210.1437   8.28866     4.275
  61   86  147    1217.8026   8.28437     1.287
  61   87  148    1223.6978   8.26823     5.690
  61   88  149    1230.9677   8.26153     2.183
  61   89  150    1236.5719   8.24381    20.031
  61   90  151    1244.4321   8.24127     4.610
  61   91  152    1250.3717   8.22613    25.904
  61   92  153    1257.8365   8.22115     9.063
  61   93  154    1263.5264   8.20472    25.021
  61   94  155    1270.2712   8.19530     4.718
  61   95  156    1275.5693   8.17673     1.188
  61   96  157    1281.7709   8.16415     7.006
  61   97  158    1286.6513   8.14336     0.888
  61   98  159    1292.1708   8.12686    10.039
  61   99  160    1296.5824   8.10364     2.049
  61  100  161    1301.8457   8.08600     9.035
  62   74  136    1116.0047   8.20592    12.497
  62   75  137    1125.2567   8.21355    28.614
  62   76  138    1136.8342   8.23793    11.817
  62   77  139    1145.7879   8.24308    10.884
  62   78  140    1156.9350   8.26382    12.497
  62   79  141    1165.4843   8.26585     8.534
  62   80  142    1176.6036   8.28594     1.865
  62   81  143    1185.2101   8.28818     2.749
  62   82  144    1195.7299   8.30368     1.459
  62   83  145    1202.4870   8.29301     1.485
  62   84  146    1210.9033   8.29386     3.045
  62   85  147    1217.2443   8.28057     1.261
  62   86  148    1225.3856   8.27963     1.245
  62   87  149    1231.2568   8.26347     1.156
  62   88  150    1239.2436   8.26162     1.111
  62   89  151    1244.8400   8.24397     1.109
  62   90  152    1253.0978   8.24406     1.015
  62   91  153    1258.9662   8.22854     1.025
  62   92  154    1266.9331   8.22684     1.304
  62   93  155    1272.7400   8.21123     1.331
  62   94  156    1279.9809   8.20501     8.521
  62   95  157    1285.3691   8.18706     4.433
  62   96  158    1292.0146   8.17731     4.781
  62   97  159    1297.0419   8.15750     5.934
  62   98  160    1303.1386   8.14462     1.956
  62   99  161    1307.6488   8.12204     6.817
  62  100  162    1313.4271   8.10757     3.523
  62  101  163    1317.7190   8.08417     7.359
  62  102  164    1323.1160   8.06778     4.099
  63   74  137    1116.6286   8.15057     4.378
  63   75  138    1126.3037   8.16162    27.945
  63   76  139    1138.0234   8.18722    13.150
  63   77  140    1147.6826   8.19773    51.538
  63   78  141    1158.6937   8.21769    12.639
  63   79  142    1168.1483   8.22640    30.057
  63   80  143    1179.1520   8.24582    10.985
  63   81  144    1188.6011   8.25417    10.787
  63   82  145    1199.0448   8.26927     3.060
  63   83  146    1206.2422   8.26193     6.009
  63   84  147    1214.7405   8.26354     2.569
  63   85  148    1221.5647   8.25382     9.960
  63   86  149    1229.7799   8.25356     3.903
  63   87  150    1236.2022   8.24135     6.230
  63   88  151    1244.1343   8.23930     1.165
  63   89  152    1250.4410   8.22659     1.166
  63   90  153    1258.9913   8.22870     1.171
  63   91  154    1265.4335   8.21710     1.188
  63   92  155    1273.5848   8.21668     1.251
  63   93  156    1279.9206   8.20462     3.531
  63   94  157    1287.3682   8.19980     4.234
  63   95  158    1293.2509   8.18513     2.032
  63   96  159    1300.0951   8.17670     4.319
  63   97  160    1305.6165   8.16010     0.904
  63   98  161    1311.9860   8.14898    10.399
  63   99  162    1316.9886   8.12956     1.313
  63  100  163    1322.9108   8.11602     0.904
  63  101  164    1327.6405   8.09537     2.067
  63  102  165    1333.2087   8.08005     5.213
  63  103  166    1337.2999   8.05602    99.670
  64   76  140    1141.6966   8.15498    27.945
  64   77  141    1151.2099   8.16461    19.760
  64   78  142    1163.0165   8.19026    27.945
  64   80  144    1183.9591   8.22194    27.945
  64   81  145    1193.1976   8.22895    19.715
  64   82  146    1204.4281   8.24951     4.076
  64   83  147    1211.7705   8.24334     1.886
  64   84  148    1220.7543   8.24834     1.459
  64   85  149    1227.6834   8.23949     3.310
  64   86  150    1236.3916   8.24261     6.055
  64   87  151    1242.8878   8.23104     2.992
  64   88  152    1251.4775   8.23340     1.007
  64   89  153    1257.7244   8.22042     1.001
  64   90  154    1266.6192   8.22480     0.993
  64   91  155    1273.0544   8.21325     0.983
  64   92  156    1281.5908   8.21533     0.982
  64   93  157    1287.9506   8.20351     0.976
  64   94  158    1295.8880   8.20182     0.976
  64   95  159    1301.8312   8.18762     0.979
  64   96  160    1309.2828   8.18302     1.123
  64   97  161    1314.9182   8.16719     1.503
  64   98  162    1321.7641   8.15904     3.963
  64   99  163    1326.9433   8.14076     0.796
  64  100  164    1333.3197   8.13000     0.999
  64  101  165    1338.2231   8.11044     1.304
  64  102  166    1344.1395   8.09723     1.584
  64  103  167    1348.6157   8.07554     5.213
  65   76  141    1141.7442   8.09748   105.259
  65   78  143    1163.7651   8.13822    51.232
  65   79  144    1173.7855   8.15129    27.945
  65   80  145    1185.8883   8.17854   110.895
  65   81  146    1195.3236   8.18715    44.860
  65   82  147    1206.3739   8.20663     8.096
  65   83  148    1214.2395   8.20432    12.462
  65   84  149    1223.2625   8.20982     3.628
  65   85  150    1230.9510   8.20634     7.370
  65   86  151    1239.5400   8.20887     4.094
  65   87  152    1246.7051   8.20201    40.012
  65   88  153    1255.3727   8.20505     3.947
  65   89  154    1262.2872   8.19667    45.309
  65   90  155    1271.4522   8.20292     9.829
  65   91  156    1278.3641   8.19464     3.767
  65   92  157    1287.1083   8.19814     1.017
  65   93  158    1293.8866   8.18916     1.267
  65   94  159    1302.0196   8.18880     1.103
  65   95  160    1308.3948   8.17747     1.109
  65   96  161    1316.0915   8.17448     1.218
  65   97  162    1322.5805   8.16408     2.049
  65   98  163    1329.3681   8.15563     4.059
  65   99  164    1334.9486   8.13993     1.863
  65  100  165    1341.5038   8.13033     1.541
  65  101  166    1346.7950   8.11322     1.462
  65  102  167    1352.9407   8.10144     1.929
  65  103  168    1357.9101   8.08280     4.192
  66   77  143    1154.7326   8.07505    13.041
  66   78  144    1167.2050   8.10559     7.173
  66   79  145    1176.9488   8.11689     6.520
  66   80  146    1189.3325   8.14611     6.695
  66   81  147    1199.0449   8.15677     8.849
  66   82  148    1210.7796   8.18094     8.723
  66   83  149    1218.6855   8.17910     9.183
  66   84  150    1228.3724   8.18915     4.318
  66   85  151    1235.8865   8.18468     3.247
  66   86  152    1245.3234   8.19292     4.592
  66   87  153    1252.4200   8.18575     4.001
  66   88  154    1261.7421   8.19313     7.431
  66   89  155    1268.5754   8.18436     9.645
  66   90  156    1278.0201   8.19244     0.987
  66   91  157    1284.9867   8.18463     5.153
  66   92  158    1294.0405   8.19013     2.337
  66   93  159    1300.8719   8.18158     1.438
  66   94  160    1309.4484   8.18405     0.700
  66   95  161    1315.9028   8.17331     0.697
  66   96  162    1324.0998   8.17346     0.695
  66   97  163    1330.3708   8.16178     0.693
  66   98  164    1338.0289   8.15871     0.695
  66   99  165    1343.7449   8.14391     0.697
  66  100  166    1350.7884   8.13728     0.803
  66  101  167    1356.1867   8.12088     4.005
  66  102  168    1362.9050   8.11253   140.006
  67   77  144    1154.4621   8.01710     8.477
  67   78  145    1167.0440   8.04858     7.452
  67   79  146    1177.2334   8.06324     6.587
  67   80  147    1189.8236   8.09404     5.000
  67   81  148    1200.1290   8.10898    83.834
  67   82  149    1211.8550   8.13326    11.985
  67   83  150    1220.2264   8.13484    14.167
  67   84  151    1229.9745   8.14553     8.298
  67   85  152    1238.0278   8.14492    12.528
  67   86  153    1247.5065   8.15364     5.065
  67   87  154    1255.2051   8.15068     8.216
  67   88  155    1264.6769   8.15921    17.469
  67   89  156    1272.2468   8.15543    38.423
  67   90  157    1281.6126   8.16314    23.468
  67   91  158    1289.0384   8.15847    27.106
  67   92  159    1298.2520   8.16511     3.044
  67   93  160    1305.3761   8.15860    15.016
  67   94  161    1314.2613   8.16311     2.151
  67   95  162    1321.1769   8.15541     3.102
  67   96  163    1329.5856   8.15697     0.693
  67   97  164    1336.2595   8.14792     1.390
  67   98  165    1344.2483   8.14696     0.786
  67   99  166    1350.4919   8.13549     0.786
  67  100  167    1357.7724   8.13037     5.188
  67  101  168    1363.6234   8.11681    30.001
  67  102  169    1370.4315   8.10906    20.048
  67  103  170    1375.9444   8.09379    50.018
  68   78  146    1169.5349   8.01051     6.704
  68   79  147    1179.8920   8.02648    38.191
  68   80  148    1192.8345   8.05969    10.246
  68   81  149    1203.1684   8.07496    27.945
  68   82  150    1215.3295   8.10220    17.194
  68   83  151    1223.8357   8.10487    16.470
  68   84  152    1234.1410   8.11935     8.829
  68   85  153    1242.1788   8.11882     9.284
  68   86  154    1252.3884   8.13239     4.960
  68   87  155    1260.0639   8.12944     6.073
  68   88  156    1270.1377   8.14191    24.629
  68   89  157    1277.4110   8.13638    26.505
  68   90  158    1287.3725   8.14793    25.219
  68   91  159    1294.7011   8.14277     3.642
  68   92  160    1304.2755   8.15172    24.246
  68   93  161    1311.4839   8.14586     8.774
  68   94  162    1320.6882   8.15240     0.755
  68   95  163    1327.5927   8.14474     4.627
  68   96  164    1336.4392   8.14902     0.703
  68   97  165    1343.0893   8.13993     0.918
  68   98  166    1351.5634   8.14195     0.333
  68   99  167    1357.9998   8.13174     0.285
  68  100  168    1365.7711   8.12959     0.261
  68  101  169    1371.7743   8.11701     0.304
  68  102  170    1379.0320   8.11195     1.386
  68  103  171    1384.7136   8.09774     1.407
  68  104  172    1391.5497   8.09041     3.962
  69   78  147    1168.4762   7.94882     6.838
  69   79  148    1179.3382   7.96850    10.246
  69   82  151    1215.5587   8.05006    19.374
  69   83  152    1224.5787   8.05644    54.027
  69   84  153    1234.9024   8.07126    11.979
  69   85  154    1243.4282   8.07421    14.411
  69   86  155    1253.6983   8.08838     9.921
  69   87  156    1261.9781   8.08960    14.278
  69   88  157    1271.9243   8.10143    27.945
  69   89  158    1279.9895   8.10120    25.219
  69   90  159    1289.9281   8.11276    27.945
  69   91  160    1297.7300   8.11081    32.685
  69   92  161    1307.3990   8.12049    27.945
  69   93  162    1315.0491   8.11759    26.058
  69   94  163    1324.3713   8.12498     5.514
  69   95  164    1331.6232   8.11965    25.006
  69   96  165    1340.7156   8.12555     1.657
  69   97  166    1347.7434   8.11894    11.551
  69   98  167    1356.4713   8.12258     1.258
  69   99  168    1363.3119   8.11495     1.677
  69  100  169    1371.3455   8.11447     0.738
  69  101  170    1377.9375   8.10551     0.731
  69  102  171    1385.4237   8.10189     0.972
  69  103  172    1391.6583   8.09104     5.481
  69  104  173    1398.6122   8.08446     4.399
  69  105  174    1404.2919   8.07064    44.721
  69  106  175    1410.8093   8.06177    50.000
  69  107  176    1415.9414   8.04512   100.000
  70   82  152    1218.3465   8.01544   149.708
  70   84  154    1238.1508   8.03994    17.280
  70   85  155    1246.7926   8.04382    16.599
  70   86  156    1257.6269   8.06171     9.307
  70   87  157    1265.8526   8.06276    10.904
  70   88  158    1276.5136   8.07920     7.973
  70   89  159    1284.4088   8.07804    17.581
  70   90  160    1294.8099   8.09256     5.496
  70   91  161    1302.5522   8.09039    15.100
  70   92  162    1312.6104   8.10253    15.102
  70   93  163    1320.1545   8.09911    15.104
  70   94  164    1329.9441   8.10942    15.106
  70   95  165    1337.2986   8.10484    26.538
  70   96  166    1346.6682   8.11246     7.000
  70   97  167    1353.7358   8.10620     3.960
  70   98  168    1362.7970   8.11189     0.093
  70   99  169    1369.6640   8.10452     0.178
  70  100  170    1378.1237   8.10661     0.010
  70  101  171    1384.7379   8.09788     0.012
  70  102  172    1392.7579   8.09743     0.013
  70  103  173    1399.1250   8.08743     0.011
  70  104  174    1406.5896   8.08385     0.010
  70  105  175    1412.4120   8.07093     0.071
  70  106  176    1419.2790   8.06409     0.014
  70  107  177    1424.8454   8.04997     0.220
  70  108  178    1431.6075   8.04274     6.588
  71   84  155    1238.0527   7.98744    19.245
  71   85  156    1247.2786   7.99538    54.122
  71   86  157    1258.0901   8.01331    12.073
  71   87  158    1266.9338   8.01857    15.124
  71   88  159    1277.5016   8.03460    37.663
  71   89  160    1286.1342   8.03834    56.821
  71   90  161    1296.4979   8.05278    27.945
  71   91  162    1304.8387   8.05456    75.036
  71   92  163    1314.8696   8.06668    27.945
  71   93  164    1322.7919   8.06580    27.945
  71   94  165    1332.6631   8.07675    26.538
  71   95  166    1340.3132   8.07418    29.808
  71   96  167    1349.8898   8.08317    37.260
  71   97  168    1357.5077   8.08040    37.973
  71   98  169    1366.5887   8.08632     3.005
  71   99  170    1373.8837   8.08167    16.842
  71  100  171    1382.4772   8.08466     1.862
  71  101  172    1389.4562   8.07823     2.335
  71  102  173    1397.6724   8.07903     1.567
  71  103  174    1404.4330   8.07145     1.567
  71  104  175    1412.0997   8.06914     1.206
  71  105  176    1418.3877   8.05902     1.212
  71  106  177    1425.4606   8.05345     1.220
  71  107  178    1431.4859   8.04206     2.250
  71  108  179    1438.2783   8.03507     5.149
  71  109  180    1443.9671   8.02204    70.725
  71  110  181    1450.1594   8.01193   125.752
  71  112  183    1461.2207   7.98481    80.108
  72   84  156    1240.6162   7.95267   149.740
  72   86  158    1261.0417   7.98128    17.493
  72   87  159    1269.8632   7.98656    16.813
  72   88  160    1281.0207   8.00638     9.539
  72   89  161    1289.4691   8.00912    23.449
  72   90  162    1300.3930   8.02712     8.952
  72   91  163    1308.5652   8.02801    25.692
  72   92  164    1319.1856   8.04381    15.812
  72   93  165    1327.0740   8.04287    27.945
  72   94  166    1337.3688   8.05644    27.945
  72   95  167    1345.0489   8.05419    27.945
  72   96  168    1355.0130   8.06555    27.945
  72   97  169    1362.4407   8.06178    27.945
  72   98  170    1372.0490   8.07088    27.945
  72   99  171    1379.2978   8.06607    28.876
  72  100  172    1388.3400   8.07174    24.428
  72  101  173    1395.4209   8.06602    27.945
  72  102  174    1403.9250   8.06853     2.259
  72  103  175    1410.6335   8.06076     2.282
  72  104  176    1418.7995   8.06136     1.482
  72  105  177    1425.1751   8.05184     1.410
  72  106  178    1432.8010   8.04944     1.415
  72  107  179    1438.9000   8.03855     1.416
  72  108  180    1446.2878   8.03493     1.421
  72  109  181    1451.9826   8.02200     1.422
  72  110  182    1458.7006   8.01484     6.166
  72  111  183    1464.0058   8.00003    30.042
  72  112  184    1470.2930   7.99072    39.705
  72  113  185    1475.1847   7.97397    64.273
  72  114  186    1481.3604   7.96430    51.232
  73   86  159    1260.6674   7.92873    19.689
  73   87  160    1270.1233   7.93827    54.315
  73   88  161    1281.1495   7.95745    24.381
  73   89  162    1290.2236   7.96434    63.322
  73   90  163    1301.0482   7.98189    38.061
  73   91  164    1309.8677   7.98700    27.945
  73   92  165    1320.5040   8.00305    13.573
  73   93  166    1328.8253   8.00497    27.945
  73   94  167    1339.1499   8.01886    27.945
  73   95  168    1347.2640   8.01943    27.945
  73   96  169    1357.2319   8.03096    27.945
  73   97  170    1365.1504   8.03030    27.945
  73   98  171    1374.8044   8.03979    27.945
  73   99  172    1382.4854   8.03771    27.945
  73  100  173    1391.6233   8.04407    27.945
  73  101  174    1399.0388   8.04045    27.945
  73  102  175    1407.7780   8.04445    27.945
  73  103  176    1414.8061   8.03867    30.739
  73  104  177    1423.2267   8.04083     3.314
  73  105  178    1430.1821   8.03473    52.164
  73  106  179    1438.0121   8.03359     1.466
  73  107  180    1444.6596   8.02589     2.067
  73  108  181    1452.2363   8.02341     1.576
  73  109  182    1458.2993   8.01263     1.577
  73  110  183    1465.2334   8.00674     1.590
  73  111  184    1470.8507   7.99375    26.010
  73  112  185    1477.4769   7.98636    14.161
  73  113  186    1482.7615   7.97184    60.012
  73  114  187    1489.1207   7.96321    55.890
  74   86  160    1262.8463   7.89279   149.810
  74   88  162    1283.6591   7.92382    17.656
  74   89  163    1292.6396   7.93030    58.425
  74   90  164    1304.0381   7.95145     9.673
  74   91  165    1312.7351   7.95597    25.755
  74   92  166    1323.8326   7.97490     9.463
  74   93  167    1332.1097   7.97670    18.703
  74   94  168    1342.9807   7.99393    13.258
  74   95  169    1351.0770   7.99454    15.436
  74   96  170    1361.5212   8.00895    13.195
  74   97  171    1369.3878   8.00812    27.945
  74   98  172    1379.4702   8.02018    27.945
  74   99  173    1387.1718   8.01833    27.945
  74  100  174    1396.7428   8.02726    27.945
  74  101  175    1404.2198   8.02411    27.945
  74  102  176    1413.2999   8.03011    27.945
  74  103  177    1420.4314   8.02504    27.945
  74  104  178    1429.2080   8.02926    15.198
  74  105  179    1436.1675   8.02328    14.572
  74  106  180    1444.5798   8.02544     1.439
  74  107  181    1451.2489   8.01795     1.448
  74  108  182    1459.3324   8.01831     0.744
  74  109  183    1465.5232   8.00832     0.743
  74  110  184    1472.9343   8.00508     0.738
  74  111  185    1478.6881   7.99291     0.739
  74  112  186    1485.8801   7.98860     1.213
  74  113  187    1491.3469   7.97512     1.213
  74  114  188    1498.1820   7.96905     3.089
  74  116  190    1510.0256   7.94750    35.390
  74  117  191    1514.9043   7.93144    41.917
  75   86  161    1261.6490   7.83633   149.905
  75   88  163    1282.9511   7.87087    18.534
  75   89  164    1292.4926   7.88105    54.554
  75   90  165    1303.7508   7.90152    23.593
  75   91  166    1313.0001   7.90964    88.241
  75   92  167    1324.0683   7.92855    40.054
  75   93  168    1333.1003   7.93512    30.820
  75   94  169    1343.7860   7.95140    11.368
  75   95  170    1352.3521   7.95501    11.427
  75   96  171    1362.7697   7.96941    27.945
  75   97  172    1371.1575   7.97185    35.567
  75   98  173    1381.2159   7.98391    27.945
  75   99  174    1389.4064   7.98509    27.945
  75  100  175    1399.0930   7.99482    27.945
  75  101  176    1406.9389   7.99397    27.945
  75  102  177    1416.2165   8.00122    27.945
  75  103  178    1423.6721   7.99816    27.945
  75  104  179    1432.6742   8.00377    24.638
  75  105  180    1439.9986   7.99999    21.392
  75  106  181    1448.7500   8.00414    12.548
  75  107  182    1455.7500   7.99863   101.983
  75  108  183    1464.1849   8.00101     8.034
  75  109  184    1470.6663   7.99275     4.276
  75  110  185    1478.3369   7.99101     0.819
  75  111  186    1484.5165   7.98127     0.820
  75  112  187    1491.8770   7.97795     0.737
  75  113  188    1497.7487   7.96675     0.738
  75  114  189    1504.7822   7.96181     8.191
  75  115  190    1510.4575   7.94978     4.869
  75  116  191    1517.2962   7.94396    10.264
  75  117  192    1522.6059   7.93024    70.794
  75  118  193    1529.3200   7.92394    39.123
  76   88  164    1284.6625   7.83331   149.903
  76   90  166    1305.8120   7.86634    17.966
  76   91  167    1314.9506   7.87396    80.892
  76   92  168    1326.5181   7.89594     9.903
  76   93  169    1335.3174   7.90129    25.939
  76   94  170    1346.5914   7.92113     9.758
  76   95  171    1355.0343   7.92418    18.247
  76   96  172    1366.0520   7.94216    12.765
  76   97  173    1374.3179   7.94403    14.959
  76   98  174    1384.9464   7.95946    10.254
  76   99  175    1393.1277   7.96073    11.774
  76  100  176    1403.2248   7.97287    10.949
  76  101  177    1411.1214   7.97244    14.612
  76  102  178    1420.7805   7.98191    13.631
  76  103  179    1428.3277   7.97948    15.505
  76  104  180    1437.7351   7.98742    15.722
  76  105  181    1445.0002   7.98343    25.338
  76  106  182    1454.1307   7.98973    21.745
  76  107  183    1461.2566   7.98501    49.768
  76  108  184    1469.9167   7.98868     0.829
  76  109  185    1476.5414   7.98130     0.832
  76  110  186    1484.8068   7.98283     0.760
  76  111  187    1491.0971   7.97378     0.737
  76  112  188    1499.0868   7.97387     0.734
  76  113  189    1505.0076   7.96300     0.666
  76  114  190    1512.7999   7.96210     0.649
  76  115  191    1518.5586   7.95057     0.659
  76  116  192    1526.1170   7.94853     2.314
  76  117  193    1531.7004   7.93627     2.319
  76  118  194    1538.8125   7.93202     2.402
  76  119  195    1543.9603   7.91775    55.890
  76  120  196    1550.7971   7.91223    40.054
  77   90  167    1304.7419   7.81283    18.345
  77   91  168    1314.4070   7.82385    55.216
  77   92  169    1325.9055   7.84559    23.306
  77   93  170    1335.0655   7.85333   101.533
  77   94  171    1346.3667   7.87349    38.466
  77   95  172    1355.4054   7.88026    32.402
  77   96  173    1366.3658   7.89807    10.541
  77   97  174    1374.9546   7.90204    11.221
  77   98  175    1385.6345   7.91791    12.384
  77   99  176    1394.1932   7.92155     8.084
  77  100  177    1404.4300   7.93463    19.760
  77  101  178    1412.7082   7.93656    18.820
  77  102  179    1422.6070   7.94752     9.770
  77  103  180    1430.5741   7.94763    21.706
  77  104  181    1440.1309   7.95652     5.245
  77  105  182    1447.7909   7.95489    20.967
  77  106  183    1457.0127   7.96182    24.672
  77  107  184    1464.4927   7.95920    27.945
  77  108  185    1473.2887   7.96372    27.945
  77  109  186    1480.1968   7.95805    16.525
  77  110  187    1488.6452   7.96067    27.945
  77  111  188    1495.5121   7.95485     9.423
  77  112  189    1503.6881   7.95602    12.575
  77  113  190    1510.0634   7.94770     1.369
  77  114  191    1518.0899   7.94811     1.310
  77  115  192    1524.2880   7.93900     1.313
  77  116  193    1532.0600   7.93813     1.327
  77  117  194    1538.1268   7.92849     1.331
  77  118  195    1545.3587   7.92492     1.333
  77  119  196    1551.1732   7.91415    38.414
  77  120  197    1558.0731   7.90900    20.109
  77  122  199    1570.3501   7.89121    41.054
  78   90  168    1305.9685   7.77362   149.933
  78   92  170    1327.4002   7.80824    18.246
  78   93  171    1336.6389   7.81660    80.951
  78   94  172    1348.3503   7.83925    10.376
  78   95  173    1357.2517   7.84539    63.431
  78   96  174    1368.7039   7.86611    10.338
  78   97  175    1377.1663   7.86952    18.613
  78   98  176    1388.4629   7.88899    12.712
  78   99  177    1396.9707   7.89249    14.988
  78  100  178    1407.6691   7.90825    10.133
  78  101  179    1416.0110   7.91068     7.976
  78  102  180    1426.2441   7.92358    10.051
  78  103  181    1434.2670   7.92413    13.688
  78  104  182    1444.1253   7.93475    13.094
  78  105  183    1451.8014   7.93334    14.216
  78  106  184    1461.4320   7.94257    14.744
  78  107  185    1468.8589   7.93978    25.831
  78  108  186    1478.1066   7.94681    21.745
  78  109  187    1484.9988   7.94117    24.067
  78  110  188    1494.2057   7.94790     5.304
  78  111  189    1500.9255   7.94140    10.090
  78  112  190    1509.8339   7.94649     0.657
  78  113  191    1516.2970   7.93873     4.127
  78  114  192    1524.9586   7.94249     2.569
  78  115  193    1531.2210   7.93379     1.358
  78  116  194    1539.5728   7.93594     0.496
  78  117  195    1545.6779   7.92655     0.503
  78  118  196    1553.5998   7.92653     0.510
  78  119  197    1559.4464   7.91597     0.536
  78  120  198    1567.0020   7.91415     2.100
  78  121  199    1572.5580   7.90230     2.158
  78  122  200    1579.8398   7.89920    20.109
  78  123  201    1585.0526   7.88583    50.103
  78  124  202    1592.0753   7.88156    25.150
  79   92  171    1325.9523   7.75411    20.713
  79   93  172    1335.7793   7.76616    56.157
  79   94  173    1347.3647   7.78824    22.782
  79   95  174    1356.6621   7.79691   101.533
  79   96  175    1368.0790   7.81759    38.563
  79   97  176    1377.2676   7.82538    33.184
  79   98  177    1388.3636   7.84386     9.967
  79   99  178    1397.1923   7.84939    10.246
  79  100  179    1407.9491   7.86564    11.695
  79  101  180    1416.6575   7.87032     4.758
  79  102  181    1426.9743   7.88384    19.976
  79  103  182    1435.4785   7.88724    18.763
  79  104  183    1445.4373   7.89856     9.423
  79  105  184    1453.6359   7.90019    22.274
  79  106  185    1463.2466   7.90944     2.608
  79  107  186    1471.1746   7.90954    20.967
  79  108  187    1480.5599   7.91743    22.498
  79  109  188    1487.9737   7.91475     2.701
  79  110  189    1497.2557   7.92199    20.081
  79  111  190    1504.5786   7.91883     3.447
  79  112  191    1513.6143   7.92468     4.926
  79  113  192    1520.6599   7.92010    15.827
  79  114  193    1529.3638   7.92416     8.673
  79  115  194    1536.2423   7.91877     2.117
  79  116  195    1544.6687   7.92138     1.119
  79  117  196    1551.3117   7.91486     2.961
  79  118  197    1559.3840   7.91565     0.541
  79  119  198    1565.8964   7.90857     0.539
  79  120  199    1573.4807   7.90694     0.541
  79  121  200    1579.6983   7.89849    26.716
  79  122  201    1586.9303   7.89518     3.218
  79  123  202    1592.9538   7.88591    23.287
  79  124  203    1599.8156   7.88087     3.082
  80   94  174    1348.4626   7.74979    19.210
  80   95  175    1357.8624   7.75921    81.084
  80   96  176    1369.7489   7.78266    11.118
  80   97  177    1378.8114   7.78989    84.721
  80   98  178    1390.4222   7.81136    10.757
  80   99  179    1399.1111   7.81626    28.120
  80  100  180    1410.5000   7.83611    12.644
  80  101  181    1418.9820   7.83968    15.382
  80  102  182    1429.9690   7.85697     9.790
  80  103  183    1438.2681   7.85939     7.083
  80  104  184    1448.8796   7.87435     9.534
  80  105  185    1456.7898   7.87454    13.638
  80  106  186    1467.2165   7.88826    11.650
  80  107  187    1474.8673   7.88699    12.864
  80  108  188    1485.0184   7.89903     6.786
  80  109  189    1492.5178   7.89692    31.552
  80  110  190    1502.3333   7.90702    15.906
  80  111  191    1509.6259   7.90380    22.279
  80  112  192    1519.1168   7.91207    15.536
  80  113  193    1526.2388   7.90797    15.505
  80  114  194    1535.4319   7.91460     2.888
  80  115  195    1542.3326   7.90940    23.141
  80  116  196    1551.2166   7.91437     2.946
  80  117  197    1558.0022   7.90864     3.206
  80  118  198    1566.4876   7.91155     0.457
  80  119  199    1573.1506   7.90528     0.525
  80  120  200    1581.1792   7.90590     0.529
  80  121  201    1587.4097   7.89756     0.711
  80  122  202    1595.1638   7.89685     0.705
  80  123  203    1601.1590   7.88748     1.630
  80  124  204    1608.6513   7.88555     0.497
  80  125  205    1614.3202   7.87473     3.654
  80  126  206    1621.0495   7.86917    20.440
  80  127  207    1624.6626   7.84861    29.808
  80  128  208    1629.5118   7.83419    30.739
  80  129  209    1632.9275   7.81305   149.971
  81   95  176    1356.5972   7.70794    83.058
  81   96  177    1368.5933   7.73217    21.627
  81   97  178    1377.9382   7.74123   102.464
  81   98  179    1389.6655   7.76349    38.652
  81   99  180    1398.8576   7.77143    69.916
  81  100  181    1410.3372   7.79192     9.102
  81  101  182    1418.9370   7.79636    11.975
  81  102  183    1430.2684   7.81567     9.331
  81  103  184    1438.6358   7.81867    10.011
  81  104  185    1449.5815   7.83558    20.674
  81  105  186    1457.7780   7.83752    20.750
  81  106  187    1468.4110   7.85247     8.048
  81  107  188    1476.3741   7.85305    29.904
  81  108  189    1486.7251   7.86627     8.368
  81  109  190    1494.5466   7.86603     7.251
  81  110  191    1504.5346   7.87714     7.349
  81  111  192    1512.1952   7.87602    31.671
  81  112  193    1521.8715   7.88534     6.707
  81  113  194    1529.4031   7.88352    13.972
  81  114  195    1538.6922   7.89073    11.126
  81  115  196    1546.1049   7.88829    12.109
  81  116  197    1555.0338   7.89357    13.575
  81  117  198    1562.2797   7.89030     7.545
  81  118  199    1570.8816   7.89388    27.945
  81  119  200    1577.9408   7.88970     5.758
  81  120  201    1586.1456   7.89127    14.185
  81  121  202    1593.0166   7.88622     1.837
  81  122  203    1600.8688   7.88605     1.171
  81  123  204    1607.5249   7.88002     1.153
  81  124  205    1615.0709   7.87839     1.239
  81  125  206    1621.5747   7.87172     1.285
  81  126  207    1628.4272   7.86680     5.439
  81  127  208    1632.2142   7.84718     1.853
  81  128  209    1637.1802   7.83340     6.110
  81  129  210    1640.8537   7.81359    11.603
  81  130  211    1645.7560   7.79979    41.917
  81  132  213    1654.0369   7.76543    27.013
  82   96  178    1368.9688   7.69084    23.184
  82   97  179    1378.5619   7.70146    81.229
  82   98  180    1390.6259   7.72570    12.394
  82   99  181    1399.8668   7.73407    85.036
  82  100  182    1411.6520   7.75633    12.086
  82  101  183    1420.4788   7.76218    28.979
  82  102  184    1432.0217   7.78273    12.802
  82  103  185    1440.5826   7.78693    16.174
  82  104  186    1451.7936   7.80534    11.004
  82  105  187    1460.1710   7.80840     5.093
  82  106  188    1471.0664   7.82482    10.123
  82  107  189    1479.1707   7.82630    14.062
  82  108  190    1489.8146   7.84113    12.514
  82  109  191    1497.7606   7.84168     6.613
  82  110  192    1508.0925   7.85465     5.726
  82  111  193    1515.8412   7.85410    10.287
  82  112  194    1525.8911   7.86542    17.435
  82  113  195    1533.4926   7.86406     5.087
  82  114  196    1543.1742   7.87334     7.710
  82  115  197    1550.6426   7.87128     4.804
  82  116  198    1560.0360   7.87897     8.750
  82  117  199    1567.2716   7.87574     6.820
  82  118  200    1576.3620   7.88181    10.008
  82  119  201    1583.4535   7.87788    13.747
  82  120  202    1592.1944   7.88215     3.796
  82  121  203    1599.1116   7.87740     6.554
  82  122  204    1607.5063   7.87993     1.147
  82  123  205    1614.2379   7.87433     1.144
  82  124  206    1622.3246   7.87536     1.144
  82  125  207    1629.0624   7.86987     1.147
  82  126  208    1636.4303   7.86745     1.148
  82  127  209    1640.3676   7.84865     1.747
  82  128  210    1645.5528   7.83597     1.448
  82  129  211    1649.3887   7.81701     2.260
  82  130  212    1654.5159   7.80432     1.840
  82  131  213    1658.2419   7.78517     6.954
  82  132  214    1663.2927   7.77240     1.969
  82  133  215    1666.8387   7.75274    52.685
  83  101  184    1418.9330   7.71159   122.026
  83  102  185    1430.4947   7.73240    81.040
  83  103  186    1439.4759   7.73912    16.953
  83  104  187    1450.7850   7.75821    10.004
  83  105  188    1459.6678   7.76419    11.179
  83  106  189    1470.6090   7.78100    20.851
  83  107  190    1479.2116   7.78532    20.973
  83  108  191    1489.9263   7.80066     7.486
  83  109  192    1498.2928   7.80361    30.111
  83  110  193    1508.7142   7.81717     7.575
  83  111  194    1516.9240   7.81920     5.252
  83  112  195    1526.9978   7.83076     5.286
  83  113  196    1535.0526   7.83190    24.428
  83  114  197    1544.8021   7.84163     8.333
  83  115  198    1552.5601   7.84121    27.570
  83  116  199    1562.0551   7.84952    10.614
  83  117  200    1569.6994   7.84850    22.701
  83  118  201    1578.8292   7.85487    12.176
  83  119  202    1586.2223   7.85259    14.002
  83  120  203    1595.0677   7.85748    12.777
  83  121  204    1602.2600   7.85422     9.179
  83  122  205    1610.7510   7.85732     4.807
  83  123  206    1617.7850   7.85333     7.632
  83  124  207    1625.8826   7.85451     2.397
  83  125  208    1632.7695   7.84985     2.305
  83  126  209    1640.2293   7.84799     1.365
  83  127  210    1644.8339   7.83254     1.363
  83  128  211    1649.9725   7.81977     5.442
  83  129  212    1654.3026   7.80331     1.853
  83  130  213    1659.4876   7.79102     5.081
  83  131  214    1663.5281   7.77350    11.209
  83  132  215    1668.7693   7.76172     5.623
  83  133  216    1672.5959   7.74350    11.178
  83  134  217    1677.8113   7.73185    17.698
  83  135  218    1681.3965   7.71283    27.013
  84  102  186    1431.4465   7.69595    18.278
  84  103  187    1440.7956   7.70479    32.630
  84  104  188    1452.2351   7.72465    19.969
  84  105  189    1461.1840   7.73113    22.059
  84  106  190    1472.3960   7.74945    13.163
  84  107  191    1480.9734   7.75379     7.102
  84  108  192    1492.0424   7.77105    10.634
  84  109  193    1500.3726   7.77395    14.530
  84  110  194    1511.1232   7.78929    12.911
  84  111  195    1519.3066   7.79132     6.042
  84  112  196    1529.7300   7.80474     5.382
  84  113  197    1537.7256   7.80571     9.860
  84  114  198    1547.8771   7.81756    17.424
  84  115  199    1555.7140   7.81766     5.429
  84  116  200    1565.4882   7.82744     7.579
  84  117  201    1573.1390   7.82656     4.942
  84  118  202    1582.6307   7.83481     8.669
  84  119  203    1590.0713   7.83286     4.640
  84  120  204    1599.1728   7.83908    10.070
  84  121  205    1606.4245   7.83622    10.058
  84  122  206    1615.1631   7.84060     4.011
  84  123  207    1622.1914   7.83667     6.658
  84  124  208    1630.5862   7.83936     1.672
  84  125  209    1637.5544   7.83519     1.778
  84  126  210    1645.2127   7.83435     1.146
  84  127  211    1649.7635   7.81878     1.255
  84  128  212    1655.7717   7.81024     1.152
  84  129  213    1660.1271   7.79402     3.053
  84  130  214    1666.0149   7.78512     1.449
  84  131  215    1670.1580   7.76818     2.120
  84  132  216    1675.9052   7.75882     1.815
  84  133  217    1679.8755   7.74136     6.544
  84  134  218    1685.4736   7.73153     1.967
  84  135  219    1689.2202   7.71333    15.835
  84  136  220    1694.7094   7.70322    17.698
  84  137  221    1698.2704   7.68448    19.561
  84  138  222    1703.6292   7.67401    40.054
  85  106  191    1471.2584   7.70292    16.103
  85  107  192    1480.2679   7.70973    27.872
  85  108  193    1491.3322   7.72711    21.631
  85  109  194    1500.0527   7.73223    23.502
  85  110  195    1510.8779   7.74809     9.572
  85  111  196    1519.3921   7.75200    30.234
  85  112  197    1529.9054   7.76602     7.983
  85  113  198    1538.3303   7.76934     4.904
  85  114  199    1548.5162   7.78149     5.384
  85  115  200    1556.7520   7.78376    24.465
  85  116  201    1566.6249   7.79415     8.184
  85  117  202    1574.5019   7.79456    27.601
  85  118  203    1584.1407   7.80365    10.623
  85  119  204    1591.9247   7.80355    22.668
  85  120  205    1601.1053   7.81027    12.054
  85  121  206    1608.6314   7.80889    13.528
  85  122  207    1617.4909   7.81397    12.406
  85  123  208    1624.8046   7.81156     8.921
  85  124  209    1633.2898   7.81478     4.745
  85  125  210    1640.4494   7.81166     7.695
  85  126  211    1648.1958   7.81135     2.728
  85  127  212    1653.2481   7.79834     2.384
  85  128  213    1659.2708   7.79000     4.898
  85  129  214    1664.1418   7.77636     3.981
  85  130  215    1670.0905   7.76786     6.629
  85  131  216    1674.6486   7.75300     3.574
  85  132  217    1680.5820   7.74462     5.000
  85  133  218    1684.9477   7.72912    11.503
  85  134  219    1690.7232   7.72020     3.236
  85  135  220    1694.8148   7.70370    13.972
  85  136  221    1700.4791   7.69448    13.972
  85  137  222    1704.3801   7.67739    15.835
  85  138  223    1709.9765   7.66806    13.972
  85  139  224    1713.7648   7.65074    22.356
  86  107  193    1481.4397   7.67585    25.111
  86  108  194    1492.8293   7.69500    16.659
  86  109  195    1501.5749   7.70038    51.686
  86  110  196    1512.7214   7.71797    14.053
  86  111  197    1521.2575   7.72212    16.192
  86  112  198    1532.0695   7.73772    13.419
  86  113  199    1540.4703   7.74106     7.296
  86  114  200    1550.9823   7.75491     5.791
  86  115  201    1559.1605   7.75702    10.121
  86  116  202    1569.3990   7.76930    17.520
  86  117  203    1577.3798   7.77034     5.814
  86  118  204    1587.2372   7.78057     7.444
  86  119  205    1595.0482   7.78072     5.079
  86  120  206    1604.5426   7.78904     8.591
  86  121  207    1612.1158   7.78800     4.741
  86  122  208    1621.2077   7.79427    10.163
  86  123  209    1628.5647   7.79218     9.960
  86  124  210    1637.2997   7.79667     4.557
  86  125  211    1644.5216   7.79394     6.813
  86  126  212    1652.4968   7.79480     3.109
  86  127  213    1657.6049   7.78218     3.370
  86  128  214    1664.2999   7.77710     9.186
  86  129  215    1669.2206   7.76382     6.090
  86  130  216    1675.8696   7.75866     5.768
  86  131  217    1680.5356   7.74440     4.197
  86  132  218    1687.0481   7.73875     2.316
  86  133  219    1691.5075   7.72378     2.100
  86  134  220    1697.7962   7.71726     1.814
  86  135  221    1702.0081   7.70139     5.714
  86  136  222    1708.1788   7.69450     1.943
  86  137  223    1712.2324   7.67817     7.822
  86  138  224    1718.2483   7.67075     9.814
  86  139  225    1722.2306   7.65436    11.139
  86  140  226    1728.0889   7.64641    10.477
  86  141  227    1732.0216   7.63005    14.091
  86  142  228    1737.7352   7.62165    17.677
  86  143  229    1741.6876   7.60562    13.041
  87  110  197    1511.7315   7.67376    56.434
  87  111  198    1520.4791   7.67919    31.130
  87  112  199    1531.3567   7.69526    13.725
  87  113  200    1540.0659   7.70033    30.524
  87  114  201    1550.6822   7.71484     9.079
  87  115  202    1559.2406   7.71901     6.032
  87  116  203    1569.5370   7.73171     6.231
  87  117  204    1577.8774   7.73469    24.581
  87  118  205    1587.8659   7.74569     7.824
  87  119  206    1595.8742   7.74696    27.811
  87  120  207    1605.5477   7.75627    17.556
  87  121  208    1613.4349   7.75690    11.657
  87  122  209    1622.6235   7.76375    11.503
  87  123  210    1630.2561   7.76312    13.420
  87  124  211    1639.1243   7.76836    11.990
  87  125  212    1646.5713   7.76685     8.774
  87  126  213    1654.6808   7.76845     4.707
  87  127  214    1660.1562   7.75774     8.519
  87  128  215    1666.9511   7.75326     7.065
  87  129  216    1672.3695   7.74245     4.173
  87  130  217    1679.0972   7.73778     6.531
  87  131  218    1684.4237   7.72671     4.235
  87  132  219    1690.9376   7.72118     6.874
  87  133  220    1696.1435   7.70974     4.028
  87  134  221    1702.4199   7.70326     4.886
  87  135  222    1707.3904   7.69095     7.452
  87  136  223    1713.4574   7.68367     1.931
  87  137  224    1718.1625   7.67037    11.178
  87  138  225    1724.1618   7.66294    11.967
  87  139  226    1728.5332   7.64838     6.230
  87  140  227    1734.4426   7.64072     5.898
  87  141  228    1738.8121   7.62637     6.731
  87  142  229    1744.5994   7.61834     5.000
  87  143  230    1748.8522   7.60371     6.541
  87  144  231    1754.3297   7.59450     7.731
  87  145  232    1758.4088   7.57935    13.972
  87  146  233    1763.6329   7.56924    19.561
  88  113  201    1541.5516   7.66941    20.301
  88  114  202    1552.4848   7.68557    15.018
  88  115  203    1561.0297   7.68980     9.688
  88  116  204    1571.6413   7.70412     8.924
  88  117  205    1579.9698   7.70717    22.771
  88  118  206    1590.2794   7.71980    18.008
  88  119  207    1598.4023   7.72175    58.285
  88  120  208    1608.2597   7.73202     9.022
  88  121  209    1616.2007   7.73302     5.746
  88  122  210    1625.6875   7.74137     9.192
  88  123  211    1633.3697   7.74109     4.966
  88  124  212    1642.4717   7.74751    10.253
  88  125  213    1649.9987   7.74647     9.818
  88  126  214    1658.3228   7.74917     5.250
  88  127  215    1663.9549   7.73933     7.200
  88  128  216    1671.2667   7.73735     8.003
  88  129  217    1676.7400   7.72691     7.046
  88  130  218    1684.0553   7.72502     9.807
  88  131  219    1689.3783   7.71406     6.814
  88  132  220    1696.5714   7.71169     7.594
  88  133  221    1701.9509   7.70114     4.630
  88  134  222    1708.6659   7.69669     4.453
  88  135  223    1713.8242   7.68531     2.089
  88  136  224    1720.3029   7.67992     1.811
  88  137  225    1725.2070   7.66759     2.595
  88  138  226    1731.6038   7.66196     1.926
  88  139  227    1736.1652   7.64830     1.946
  88  140  228    1742.4738   7.64243     1.994
  88  141  229    1746.9234   7.62849    15.440
  88  142  230    1753.0403   7.62191    10.296
  88  143  231    1757.4115   7.60784    11.370
  88  144  232    1763.2023   7.60001     9.150
  88  145  233    1767.4365   7.58556     8.602
  88  146  234    1772.9113   7.57654     8.383
  89  116  205    1570.8847   7.66285    59.319
  89  117  206    1579.5779   7.66785    65.087
  89  118  207    1589.9878   7.68110    56.247
  89  119  208    1598.4445   7.68483    64.483
  89  120  209    1608.4317   7.69585    55.846
  89  121  210    1616.5839   7.69802    62.207
  89  122  211    1626.2758   7.70747    53.753
  89  123  212    1634.1910   7.70845    21.883
  89  124  213    1643.4209   7.71559    11.664
  89  125  214    1651.1999   7.71589    13.550
  89  126  215    1659.6740   7.71941    12.406
  89  127  216    1665.6261   7.71123     9.229
  89  128  217    1673.1448   7.71034    11.223
  89  129  218    1679.0676   7.70215    57.616
  89  130  219    1686.4203   7.70055    51.477
  89  131  220    1692.3174   7.69235     6.128
  89  132  221    1699.6014   7.69050    56.901
  89  133  222    1705.5820   7.68280     4.698
  89  134  223    1712.4500   7.67915     6.946
  89  135  224    1718.1122   7.67014     4.088
  89  136  225    1724.7804   7.66569     4.757
  89  137  226    1730.1798   7.65566     3.099
  89  138  227    1736.7108   7.65071     1.926
  89  139  228    1741.7370   7.63920     2.093
  89  140  229    1748.0131   7.63324    12.109
  89  141  230    1752.9359   7.62146    15.835
  89  142  231    1759.0828   7.61508    13.041
  89  143  232    1763.7625   7.60242    13.041
  89  144  233    1769.6802   7.59519    13.041
  89  145  234    1774.2184   7.58213    13.972
  89  146  235    1779.7737   7.57351    13.972
  89  147  236    1783.9812   7.55924    38.191
  90  118  208    1591.7349   7.65257    31.865
  90  119  209    1600.0991   7.65598   103.396
  90  120  210    1610.5061   7.66908    18.908
  90  121  211    1618.7605   7.67185    86.069
  90  122  212    1628.5973   7.68206    10.109
  90  123  213    1636.6594   7.68385     9.217
  90  124  214    1646.1559   7.69232    10.661
  90  125  215    1654.0008   7.69303     6.334
  90  126  216    1662.6950   7.69766    11.103
  90  127  217    1668.8590   7.69059    10.613
  90  128  218    1676.7694   7.69160    10.516
  90  129  219    1682.7447   7.68377    56.459
  90  130  220    1690.5892   7.68450    13.686
  90  131  221    1696.4102   7.67606     7.994
  90  132  222    1704.2184   7.67666    10.215
  90  133  223    1710.1073   7.66864     7.943
  90  134  224    1717.5685   7.66772     9.604
  90  135  225    1723.3252   7.65922     5.092
  90  136  226    1730.5090   7.65712     4.480
  90  137  227    1735.9732   7.64746     2.087
  90  138  228    1743.0784   7.64508     1.805
  90  139  229    1748.3351   7.63465     2.404
  90  140  230    1755.1294   7.63100     1.208
  90  141  231    1760.2475   7.62012     1.217
  90  142  232    1766.6879   7.61503     1.421
  90  143  233    1771.4743   7.60289     1.423
  90  144  234    1777.6643   7.59686     2.589
  90  145  235    1782.3308   7.58439    13.041
  90  146  236    1788.1647   7.57697    13.972
  90  147  237    1792.5361   7.56344    15.835
  91  120  211    1609.8023   7.62939    69.472
  91  121  212    1618.3294   7.63363    87.604
  91  122  213    1628.3430   7.64480    57.170
  91  123  214    1636.6086   7.64770    81.208
  91  124  215    1646.3353   7.65737    82.449
  91  125  216    1654.3874   7.65920    24.646
  91  126  217    1663.2277   7.66464    12.498
  91  127  218    1669.7042   7.65919    17.846
  91  128  219    1677.8419   7.66138    69.705
  91  129  220    1684.2180   7.65554    14.654
  91  130  221    1692.1928   7.65698    59.379
  91  131  222    1698.5747   7.65124    86.606
  91  132  223    1706.3728   7.65190    75.631
  91  133  224    1712.9194   7.64696     7.587
  91  134  225    1720.4964   7.64665    81.866
  91  135  226    1726.8907   7.64111    11.212
  91  136  227    1734.1653   7.63949     7.263
  91  137  228    1740.1434   7.63221     4.340
  91  138  229    1747.2414   7.62988     3.280
  91  139  230    1753.0361   7.62190     3.038
  91  140  231    1759.8566   7.61843     1.771
  91  141  232    1765.4057   7.60951     7.644
  91  142  233    1771.9342   7.60487     1.335
  91  143  234    1777.1560   7.59468     4.094
  91  144  235    1783.2773   7.58841    13.972
  91  145  236    1788.3036   7.57756    13.972
  91  146  237    1794.1812   7.57038    13.041
  91  147  238    1798.8861   7.55835    15.835
  92  123  215    1638.4682   7.62078   104.135
  92  124  216    1648.3624   7.63131    28.092
  92  125  217    1656.5295   7.63378    80.108
  92  126  218    1665.6768   7.64072    13.713
  92  127  219    1672.3468   7.63629    13.338
  92  128  220    1680.7006   7.63955   100.601
  92  129  221    1687.2654   7.63469    72.135
  92  130  222    1695.5839   7.63777    51.993
  92  131  223    1701.8828   7.63176    59.053
  92  132  224    1710.2567   7.63507    15.261
  92  133  225    1716.6987   7.62977     9.933
  92  134  226    1724.8132   7.63192    11.070
  92  135  227    1731.1683   7.62629     8.510
  92  136  228    1739.0646   7.62748    13.474
  92  137  229    1745.1453   7.62072     5.937
  92  138  230    1752.8122   7.62092     4.509
  92  139  231    1758.6926   7.61339     2.670
  92  140  232    1765.9605   7.61190     1.808
  92  141  233    1771.7221   7.60396     2.254
  92  142  234    1778.5676   7.60072     1.129
  92  143  235    1783.8651   7.59092     1.116
  92  144  236    1790.4106   7.58649     1.111
  92  145  237    1795.5364   7.57610     1.202
  92  146  238    1801.6901   7.57013     1.491
  92  147  239    1806.4965   7.55856     1.502
  92  148  240    1812.4249   7.55177     2.552
  93  126  219    1665.4235   7.60467    91.968
  93  127  220    1672.4567   7.60208    30.718
  93  129  222    1687.7997   7.60270    38.051
  93  130  223    1696.4871   7.60757    82.862
  93  131  224    1703.1848   7.60350    28.925
  93  132  225    1711.6702   7.60742    91.617
  93  133  226    1718.5428   7.60417   102.062
  93  134  227    1726.8519   7.60728    76.989
  93  135  228    1733.6769   7.60385   100.601
  93  136  229    1741.7722   7.60599   101.177
  93  137  230    1748.4083   7.60178    55.006
  93  138  231    1756.0926   7.60213    51.154
  93  139  232    1762.4281   7.59667    99.670
  93  140  233    1769.9103   7.59618    50.980
  93  141  234    1775.9754   7.58964     8.396
  93  142  235    1782.9585   7.58706     1.388
  93  143  236    1788.6947   7.57921    50.421
  93  144  237    1795.2725   7.57499     1.119
  93  145  238    1800.7609   7.56622     1.136
  93  146  239    1806.9758   7.56057     1.310
  93  147  240    1812.0419   7.55017    17.031
  93  148  241    1818.1143   7.54404   100.005
  93  150  243    1828.7664   7.52579    31.671
  93  151  244    1833.4033   7.51395    99.670
  94  133  227    1721.8788   7.58537    99.670
  94  134  228    1730.6121   7.59040    23.352
  94  135  229    1737.3963   7.58688    60.633
  94  136  230    1745.9304   7.59100    14.451
  94  137  231    1752.6253   7.58712    22.061
  94  138  232    1760.6443   7.58898    16.884
  94  139  233    1767.0247   7.58380    54.178
  94  140  234    1774.7979   7.58461     6.798
  94  141  235    1781.0368   7.57888    20.521
  94  142  236    1788.3890   7.57792     1.809
  94  143  237    1794.2701   7.57076     1.696
  94  144  238    1801.2700   7.56836     1.137
  94  145  239    1806.9162   7.56032     1.112
  94  146  240    1813.4504   7.55604     1.105
  94  147  241    1818.6920   7.54644     1.105
  94  148  242    1825.0015   7.54133     1.244
  94  149  243    1830.0351   7.53101     2.541
  94  150  244    1836.0550   7.52482     2.346
  94  151  245    1840.7542   7.51328    13.619
  94  152  246    1846.6089   7.50654    14.985
  95  134  229    1731.8285   7.56257   106.348
  95  135  230    1739.2082   7.56177   142.519
  95  138  233    1763.0095   7.56656   114.574
  95  140  235    1777.8122   7.56516    52.779
  95  141  236    1784.4672   7.56130   118.300
  95  142  237    1792.0094   7.56122    59.616
  95  143  238    1798.2293   7.55559    58.910
  95  144  239    1805.3317   7.55369     1.981
  95  145  240    1811.2833   7.54701    13.832
  95  146  241    1817.9304   7.54328     1.113
  95  147  242    1823.4680   7.53499     1.117
  95  148  243    1829.8324   7.53017     1.388
  95  149  244    1835.1995   7.52131     1.490
  95  150  245    1841.2496   7.51530     1.885
  95  151  246    1846.2272   7.50499    17.698
  95  152  247    1852.1394   7.49854    99.670
  96  137  233    1758.2185   7.54600    81.095
  96  138  234    1766.8607   7.55069    17.077
  96  139  235    1773.6406   7.54741   102.464
  96  140  236    1781.8730   7.55031    17.634
  96  141  237    1788.5500   7.54662    74.398
  96  142  238    1796.4232   7.54800    12.233
  96  144  240    1810.2868   7.54286     1.905
  96  145  241    1816.3806   7.53685     1.607
  96  146  242    1823.3500   7.53450     1.140
  96  147  243    1829.0431   7.52693     1.495
  96  148  244    1835.8445   7.52395     1.106
  96  149  245    1841.3631   7.51577     1.149
  96  150  246    1847.8221   7.51147     1.525
  96  151  247    1852.9772   7.50193     3.797
  96  152  248    1859.1889   7.49673     2.358
  96  153  249    1863.9022   7.48555     2.371
  96  154  250    1869.7347   7.47894    10.273
  96  155  251    1874.1476   7.46672    22.698
  97  143  240    1805.5645   7.52319   149.971
  97  145  242    1819.6196   7.51909   134.135
  97  146  243    1826.7530   7.51750     4.523
  97  147  244    1832.8002   7.51148    14.398
  97  148  245    1839.7715   7.50927     1.791
  97  149  246    1845.6897   7.50280    60.019
  97  150  247    1852.2384   7.49894     5.188
  97  151  248    1857.6682   7.49060    50.058
  97  152  249    1864.0242   7.48604     1.247
  97  153  250    1868.9899   7.47596     2.897
  97  154  251    1874.7852   7.46926    10.734
  98  139  237    1778.2942   7.50335    97.347
  98  141  239    1794.1734   7.50700   120.163
  98  142  240    1802.4576   7.51024    18.034
  98  144  242    1817.2020   7.50910    12.892
  98  146  244    1831.2535   7.50514     2.617
  98  147  245    1837.4178   7.49966     2.427
  98  148  246    1844.7840   7.49912     1.514
  98  149  247    1850.8362   7.49326    14.326
  98  150  248    1857.7790   7.49104     5.120
  98  151  249    1863.3655   7.48340     1.182
  98  152  250    1869.9892   7.47996     1.537
  98  153  251    1875.0959   7.47050     3.900
  98  154  252    1881.2676   7.46535     2.358
  98  155  253    1886.0719   7.45483     4.257
  98  156  254    1892.1034   7.44923    11.461
  99  147  246    1840.2731   7.48079    89.925
  99  148  247    1847.5849   7.48010    19.440
  99  149  248    1853.9356   7.47555    52.164
  99  150  249    1861.1313   7.47442    29.808
  99  151  250    1867.1515   7.46861    99.670
  99  152  251    1873.9370   7.46588     5.287
  99  153  252    1879.2252   7.45724    50.055
  99  154  253    1885.5807   7.45289     1.249
  99  155  254    1890.6683   7.44358     2.936
  99  156  255    1896.6446   7.43782    10.817
  99  157  256    1901.6201   7.42820    99.670
 100  143  243    1813.7794   7.46411   130.409
 100  146  246    1837.1184   7.46796    13.670
 100  148  248    1851.5544   7.46595     8.497
 100  149  249    1858.0044   7.46187     6.211
 100  150  250    1865.5227   7.46209     7.888
 100  151  251    1871.7074   7.45700    14.291
 100  152  252    1878.9209   7.45604     5.220
 100  153  253    1884.4633   7.44847     1.548
 100  154  254    1890.9776   7.44479     1.842
 100  155  255    1896.1510   7.43589     3.934
 100  156  256    1902.5380   7.43179     3.019
 100  157  257    1907.5039   7.42219     4.349
 101  149  250    1860.4134   7.44165    90.919
 101  150  251    1867.9171   7.44190    18.919
 101  151  252    1874.4880   7.43844    91.286
 101  152  253    1881.8533   7.43816    31.671
 101  153  254    1887.6452   7.43167    99.670
 101  154  255    1894.3270   7.42873     5.567
 101  155  256    1899.7843   7.42103   123.889
 101  156  257    1906.3193   7.41758     1.568
 101  157  258    1911.6927   7.40966     3.474
 101  158  259    1917.8904   7.40498   100.601
 102  150  252    1871.3014   7.42580     9.292
 102  151  253    1877.8854   7.42247     6.912
 102  152  254    1885.5921   7.42359     9.657
 102  153  255    1891.5748   7.41794    14.046
 102  154  256    1898.6350   7.41654     7.548
 102  155  257    1904.2823   7.40966     6.196
 102  156  258    1911.1233   7.40745    99.670
 102  157  259    1916.5926   7.39997     6.361
 103  151  254    1879.8872   7.40113    91.311
 103  152  255    1887.6571   7.40258    17.698
 103  153  256    1893.9291   7.39816    82.903
 103  154  257    1901.0820   7.39721    43.780
 103  155  258    1907.0360   7.39161   101.533
 103  156  259    1914.0389   7.39011    70.794
 103  157  260    1919.6846   7.38340   124.820
 104  152  256    1890.6714   7.38544    17.847
 104  153  257    1897.0983   7.38171    10.817
 104  154  258    1904.6917   7.38253    16.104
 104  155  259    1910.7406   7.37738    72.657
 104  157  261    1923.9317   7.37139    65.663
 105  153  258    1898.7460   7.35948    91.857
 105  154  259    1906.3340   7.36036    56.685
 105  155  260    1912.7238   7.35663    93.149
 105  156  261    1920.1598   7.35693   109.916
 105  157  262    1926.2862   7.35224   143.450
 106  154  260    1909.0665   7.34256    20.535
 106  155  261    1915.6803   7.33977    18.493
 106  156  262    1923.3875   7.34117    22.167
 106  157  263    1929.6331   7.33701    94.081
 106  159  265    1943.1769   7.33274   138.793
 107  155  262    1916.7221   7.31573    93.074
 108  156  264    1926.7714   7.29838    28.881
 108  157  265    1933.5056   7.29625    23.957
 108  158  266    1941.3375   7.29826    27.106
 108  159  267    1947.8912   7.29547    95.012
 108  161  269    1962.1979   7.29442   131.341
 109  157  266    1934.0221   7.27076    96.473
 110  159  269    1950.2918   7.25016    31.403
 110  160  270    1958.5162   7.25376    39.275
 110  161  271    1965.3166   7.25209    96.875
 110  163  273    1979.1267   7.24955   141.587
